slug,name,positions,age,team,games_played,games_started,minutes_played,made_field_goals,attempted_field_goals,made_three_point_field_goals,attempted_three_point_field_goals,made_free_throws,attempted_free_throws,offensive_rebounds,defensive_rebounds,assists,steals,blocks,turnovers,personal_fouls,assist_percentage,block_percentage,box_plus_minus,defensive_box_plus_minus,defensive_rebound_percentage,defensive_win_shares,free_throw_attempt_rate,offensive_box_plus_minus,offensive_rebound_percentage,offensive_win_shares,player_efficiency_rating,steal_percentage,three_point_attempt_rate,total_rebound_percentage,true_shooting_percentage,turnover_percentage,usage_percentage,value_over_replacement_player,win_shares,win_shares_per_48_minutes,rimFG,rimFGA,rimFG%,rimAst'd,rim%Ast'd,3pt%Ast'd
acyqu01,Quincy Acy,POWER FORWARD,24,NEW YORK KNICKS,68,22,1287,152,331,18,60,76,97,79,222,68,27,22,60,147,8.7,1.4,-3.1,-1.0,20.5,0.7,0.293,-2.1,6.9,1.0,11.9,1.1,0.18100000000000002,13.5,0.5329999999999999,13.8,15.5,-0.3,1.7,0.063,66,98,.673,43,.652,1.000
adamsst01,Steven Adams,CENTER,21,OKLAHOMA CITY THUNDER,70,67,1771,217,399,0,2,103,205,199,324,66,38,86,99,222,5.5,3.8,-1.3,0.2,19.3,2.2,0.514,-1.5,12.2,1.9,14.1,1.1,0.005,15.8,0.5489999999999999,16.8,14.3,0.3,4.1,0.111,155,241,.643,104,.671,
afflaar01,Arron Afflalo,SHOOTING GUARD,29,DENVER NUGGETS,53,53,1750,281,657,82,243,127,151,21,159,101,32,5,83,108,9.3,0.2,-1.9,-1.2,10.2,0.4,0.23,-0.7,1.3,1.4,11.7,0.9,0.37,5.6,0.5329999999999999,10.3,19.9,0.1,1.8,0.05,63,111,.568,40,.635,.958
aldrila01,LaMarcus Aldridge,POWER FORWARD,29,PORTLAND TRAIL BLAZERS,71,71,2512,659,1415,37,105,306,362,177,549,124,48,68,122,125,9.2,1.9,2.9,-0.3,22.9,3.7,0.256,3.2,7.7,4.9,22.8,1.0,0.07400000000000001,15.5,0.528,7.2,30.2,3.1,8.6,0.165,210,311,.675,91,.433,.925
allenla01,Lavoy Allen,CENTER,25,INDIANA PACERS,63,0,1070,141,299,0,0,33,47,123,200,73,15,42,40,102,10.9,3.1,0.0,0.5,20.5,1.6,0.157,-0.5,12.8,1.3,14.9,0.7,0.0,16.7,0.493,11.1,15.2,0.6,2.8,0.127,67,95,.705,28,.418,0
allento01,Tony Allen,SHOOTING GUARD,33,MEMPHIS GRIZZLIES,63,41,1648,225,455,10,29,79,126,103,177,86,129,30,86,166,8.1,1.5,1.6,3.1,12.2,3.2,0.27699999999999997,-1.5,7.2,0.9,14.6,4.1,0.064,9.7,0.528,14.4,16.6,1.5,4.1,0.11900000000000001,198,349,.567,122,.616,1.000
aminual01,Al-Farouq Aminu,SMALL FORWARD,24,DALLAS MAVERICKS,74,3,1366,147,357,34,124,84,118,114,228,59,70,62,55,137,6.1,3.7,0.7,1.5,18.4,2.0,0.331,-0.7,9.1,1.2,14.4,2.6,0.34700000000000003,13.7,0.504,11.9,15.2,1.0,3.3,0.115,99,158,.627,68,.687,1.000
anderch01,Chris Andersen,CENTER,36,MIAMI HEAT,60,20,1132,120,207,4,13,76,114,76,223,43,26,61,40,88,6.1,4.6,1.1,1.0,23.2,1.5,0.551,0.0,8.2,2.1,16.1,1.2,0.063,15.9,0.622,13.5,12.3,0.9,3.6,0.151,98,146,.671,78,.796,1.000
anderal01,Alan Anderson,SHOOTING GUARD,32,BROOKLYN NETS,74,19,1744,195,440,73,210,82,101,31,173,83,56,5,60,148,7.2,0.2,-1.5,0.2,11.1,1.1,0.23,-1.7,2.0,1.7,10.6,1.7,0.47700000000000004,6.6,0.563,11.0,14.2,0.2,2.7,0.075,77,110,.700,43,.558,.831
anderry01,Ryan Anderson,POWER FORWARD,26,NEW ORLEANS PELICANS,61,5,1675,291,729,122,359,129,151,108,187,55,33,20,62,113,5.4,0.9,-0.3,-2.1,12.7,0.9,0.207,1.8,7.3,2.6,15.6,1.0,0.49200000000000005,10.0,0.524,7.2,23.4,0.7,3.5,0.1,91,167,.545,37,.407,.945
antetgi01,Giannis Antetokounmpo,SHOOTING GUARD,20,MILWAUKEE BUCKS,81,71,2541,383,780,7,44,257,347,100,442,207,73,85,173,254,13.1,2.8,0.0,1.2,19.7,4.0,0.445,-1.2,4.5,2.2,14.8,1.5,0.055999999999999994,12.2,0.552,15.6,19.6,1.2,6.2,0.11699999999999999,272,428,.636,155,.570,.857
anthoca01,Carmelo Anthony,SMALL FORWARD,30,NEW YORK KNICKS,40,40,1428,358,806,61,179,189,237,72,192,122,40,17,89,87,18.0,1.0,3.0,-1.9,16.0,0.6,0.294,4.9,5.7,2.2,21.5,1.5,0.222,10.7,0.531,8.9,32.2,1.8,2.9,0.09699999999999999,104,178,.584,40,.385,.787
anticpe01,Pero Antić,CENTER,32,ATLANTA HAWKS,63,3,1037,108,296,52,173,88,123,58,131,49,18,14,49,132,6.9,1.1,-4.1,-1.2,14.0,1.0,0.41600000000000004,-3.0,6.6,0.5,9.5,0.9,0.584,10.4,0.508,12.3,17.6,-0.6,1.5,0.07,44,85,.518,28,.636,1.000
arizatr01,Trevor Ariza,SMALL FORWARD,29,HOUSTON ROCKETS,82,82,2930,366,910,194,555,122,143,77,382,209,152,17,141,186,11.1,0.5,1.0,1.1,14.4,3.9,0.157,-0.1,2.9,2.7,12.7,2.6,0.61,8.6,0.539,12.7,16.5,2.2,6.6,0.10800000000000001,159,250,.636,102,.642,.939
asikom01,Ömer Aşık,CENTER,28,NEW ORLEANS PELICANS,76,76,1982,213,412,0,0,131,225,244,504,72,29,54,95,144,5.4,2.1,-1.2,-0.9,28.8,2.2,0.546,-0.4,14.0,2.8,15.5,0.8,0.0,21.4,0.545,15.7,14.0,0.4,5.0,0.12,205,377,.544,140,.683,
augusdj01,D.J. Augustin,POINT GUARD,27,DETROIT PISTONS,54,13,1287,189,461,49,150,147,169,13,87,265,33,2,110,61,33.2,0.1,-0.5,-1.7,7.6,0.6,0.36700000000000005,1.2,1.1,2.0,15.8,1.3,0.325,4.2,0.536,17.0,22.2,0.5,2.5,0.094,97,162,.599,22,.227,.590
bareajo01,J.J. Barea,POINT GUARD,30,DALLAS MAVERICKS,77,10,1362,225,536,54,167,76,94,23,111,263,33,1,70,104,29.6,0.1,-0.3,-1.1,9.0,0.6,0.175,0.8,1.8,2.1,15.1,1.2,0.312,5.4,0.502,10.8,21.2,0.6,2.7,0.096,85,154,.552,18,.212,.638
barneha02,Harrison Barnes,SMALL FORWARD,22,GOLDEN STATE WARRIORS,82,82,2318,316,656,87,215,108,150,117,336,116,61,19,71,146,6.9,0.6,0.1,-0.1,15.1,3.0,0.22899999999999998,0.2,5.6,3.7,13.4,1.3,0.32799999999999996,10.5,0.573,9.0,14.9,1.2,6.7,0.139,177,256,.691,123,.695,.982
barnema02,Matt Barnes,SMALL FORWARD,34,LOS ANGELES CLIPPERS,76,74,2271,277,624,136,376,74,95,51,251,114,67,50,87,240,7.2,1.8,-0.3,0.2,12.2,2.1,0.152,-0.5,2.6,2.2,11.3,1.5,0.603,7.5,0.574,11.6,14.9,1.0,4.3,0.091,128,189,.677,95,.742,.987
bassbr01,Brandon Bass,POWER FORWARD,29,BOSTON CELTICS,82,43,1929,344,683,9,32,169,214,139,259,104,41,32,83,140,8.6,1.3,0.0,-0.5,14.9,1.9,0.313,0.5,7.8,3.4,16.3,1.1,0.047,11.3,0.557,9.6,19.5,1.0,5.3,0.132,173,257,.673,117,.676,1.000
batumni01,Nicolas Batum,SMALL FORWARD,26,PORTLAND TRAIL BLAZERS,71,71,2380,240,600,100,309,84,98,62,354,341,78,40,132,106,20.5,1.2,2.1,1.8,15.6,3.2,0.163,0.3,2.8,2.0,13.1,1.7,0.515,9.4,0.516,17.0,14.6,2.4,5.2,0.105,80,119,.672,52,.650,.796
bayleje01,Jerryd Bayless,POINT GUARD,26,MILWAUKEE BUCKS,77,4,1717,220,516,37,120,121,137,22,189,233,59,12,133,163,21.0,0.6,-2.1,0.4,12.5,2.0,0.266,-2.5,1.5,0.3,11.1,1.8,0.233,7.0,0.519,18.8,18.6,0.0,2.4,0.066,78,133,.586,36,.462,.974
baynear01,Aron Baynes,CENTER,28,SAN ANTONIO SPURS,70,17,1122,185,327,1,4,90,104,109,209,35,16,22,65,162,4.9,1.5,-1.8,-0.4,20.7,1.6,0.318,-1.4,11.2,2.3,15.9,0.7,0.012,16.1,0.618,14.8,17.8,0.1,3.9,0.166,117,188,.622,87,.744,1.000
bazemke01,Kent Bazemore,SHOOTING GUARD,25,ATLANTA HAWKS,75,10,1324,141,331,48,132,60,100,21,201,78,52,33,73,127,8.6,2.1,-2.1,1.1,16.8,1.9,0.302,-3.2,1.9,-0.4,9.7,2.0,0.39899999999999997,9.6,0.52,16.3,15.5,0.0,1.6,0.057,85,135,.630,59,.694,.926
bealbr01,Bradley Beal,SHOOTING GUARD,21,WASHINGTON WIZARDS,63,59,2107,363,851,106,259,130,166,57,184,194,76,18,123,136,15.0,0.7,0.1,0.2,9.6,2.4,0.195,-0.1,3.1,1.3,14.0,1.8,0.304,6.4,0.521,11.7,22.5,1.1,3.7,0.085,146,226,.646,83,.568,.868
belinma01,Marco Belinelli,SHOOTING GUARD,28,SAN ANTONIO SPURS,62,9,1388,199,470,86,230,84,99,26,131,94,31,3,61,85,10.3,0.2,-1.0,-0.7,10.5,1.4,0.21100000000000002,-0.3,2.2,1.5,12.4,1.1,0.489,6.4,0.5529999999999999,10.6,18.8,0.4,2.9,0.1,40,64,.625,28,.700,.920
beverpa01,Patrick Beverley,POINT GUARD,26,HOUSTON ROCKETS,56,55,1727,204,532,115,323,45,60,67,170,192,59,23,83,182,17.2,1.0,0.1,0.5,10.8,1.8,0.113,-0.4,4.3,1.7,11.3,1.7,0.607,7.6,0.509,12.9,16.1,0.9,3.5,0.096,48,95,.505,19,.396,.939
biyombi01,Bismack Biyombo,CENTER,22,CHARLOTTE HORNETS,64,21,1243,101,186,0,0,102,175,159,248,16,18,99,52,140,2.0,6.3,-1.1,1.3,22.6,2.2,0.941,-2.4,13.7,1.8,15.2,0.7,0.0,18.0,0.578,16.5,11.6,0.3,4.0,0.156,90,137,.657,47,.522,0
blakest01,Steve Blake,POINT GUARD,34,PORTLAND TRAIL BLAZERS,81,0,1529,122,327,77,219,29,41,16,121,288,41,5,104,118,26.2,0.2,-1.8,0.0,8.3,1.4,0.125,-1.8,1.1,0.7,9.5,1.4,0.67,4.8,0.507,23.2,13.2,0.1,2.1,0.066,13,23,.565,2,.154,.756
bledser01,Eric Bledsoe,POINT GUARD,25,PHOENIX SUNS,81,81,2800,468,1046,88,272,353,441,72,351,493,127,45,274,189,27.9,1.2,2.1,0.5,13.9,2.9,0.42200000000000004,1.6,2.8,4.1,18.4,2.3,0.26,8.3,0.555,18.1,23.7,2.9,7.0,0.11900000000000001,233,364,.640,66,.283,.580
bogdabo02,Bojan Bogdanović,SMALL FORWARD,25,BROOKLYN NETS,78,28,1854,261,576,91,256,87,106,50,163,68,34,9,78,104,5.8,0.4,-1.7,-1.4,9.8,0.7,0.184,-0.3,3.0,1.7,11.6,0.9,0.444,6.4,0.562,11.1,17.2,0.1,2.4,0.062,118,165,.715,91,.771,.941
bogutan01,Andrew Bogut,CENTER,30,GOLDEN STATE WARRIORS,67,65,1583,200,355,0,0,22,42,141,402,180,39,113,106,188,15.4,5.3,2.4,3.3,26.5,3.4,0.11800000000000001,-0.9,9.9,1.9,15.8,1.2,0.0,18.5,0.565,22.1,13.2,1.8,5.2,0.159,171,260,.658,109,.637,
booketr01,Trevor Booker,POWER FORWARD,27,UTAH JAZZ,79,5,1564,226,464,29,84,86,148,139,258,83,43,41,88,144,9.0,2.1,-0.2,0.1,19.0,1.9,0.319,-0.3,10.3,1.7,15.3,1.5,0.18100000000000002,14.7,0.536,14.3,18.1,0.7,3.6,0.11,126,174,.724,73,.579,.931
boozeca01,Carlos Boozer,POWER FORWARD,33,LOS ANGELES LAKERS,71,26,1692,371,743,0,0,94,150,111,371,95,41,12,92,184,10.3,0.6,-1.7,-1.2,25.2,1.0,0.20199999999999999,-0.5,7.0,1.2,16.4,1.2,0.0,15.7,0.517,10.2,23.7,0.1,2.2,0.062,188,279,.674,123,.654,0
boshch01,Chris Bosh,CENTER,30,MIAMI HEAT,44,44,1556,343,745,63,168,179,232,46,264,95,41,25,95,69,12.0,1.4,1.3,-1.3,20.0,1.5,0.311,2.5,3.6,2.1,19.8,1.4,0.226,12.0,0.5479999999999999,10.1,28.4,1.3,3.6,0.111,69,124,.556,39,.565,.984
bradlav01,Avery Bradley,SHOOTING GUARD,24,BOSTON CELTICS,77,77,2428,434,1012,124,352,79,100,46,195,135,82,15,109,177,8.9,0.5,-2.2,-0.6,8.9,2.1,0.099,-1.5,2.0,0.4,11.5,1.7,0.348,5.4,0.507,9.4,21.0,-0.1,2.5,0.049,110,179,.615,74,.673,.899
breweco01,Corey Brewer,SMALL FORWARD,28,HOUSTON ROCKETS,56,1,1407,249,580,55,194,113,148,48,155,95,60,15,81,111,11.5,0.8,-1.1,-0.3,12.1,1.6,0.255,-0.8,3.8,1.0,14.0,2.1,0.33399999999999996,8.0,0.516,11.2,22.4,0.3,2.7,0.091,243,380,.639,158,.650,.960
brookaa01,Aaron Brooks,POINT GUARD,30,CHICAGO BULLS,82,21,1885,344,817,121,313,145,174,32,134,261,54,15,157,189,24.2,0.6,-0.8,-1.1,7.5,1.5,0.213,0.3,1.9,1.7,14.4,1.5,0.38299999999999995,4.8,0.534,14.9,25.0,0.5,3.3,0.083,119,229,.520,16,.134,.605
bryanko01,Kobe Bryant,SHOOTING GUARD,36,LOS ANGELES LAKERS,35,35,1207,266,713,54,184,196,241,26,173,197,47,7,128,65,29.9,0.5,0.3,-1.7,16.5,0.6,0.33799999999999997,2.0,2.3,-0.4,17.6,2.0,0.258,9.1,0.47700000000000004,13.5,34.9,0.7,0.2,0.006,55,97,.567,19,.345,.463
budinch01,Chase Budinger,SMALL FORWARD,26,MINNESOTA TIMBERWOLVES,67,4,1286,169,390,52,143,67,81,33,165,64,44,10,49,72,8.0,0.6,-1.8,-1.3,15.1,0.2,0.20800000000000002,-0.5,2.8,1.1,12.2,1.7,0.36700000000000005,8.8,0.537,10.3,16.3,0.0,1.3,0.049,65,102,.637,41,.631,1.000
burketr01,Trey Burke,POINT GUARD,22,UTAH JAZZ,76,43,2288,370,1005,124,390,109,145,31,173,328,65,15,124,119,25.0,0.5,-1.4,-1.3,8.7,1.6,0.14400000000000002,-0.1,1.6,0.8,12.6,1.5,0.38799999999999996,5.2,0.455,10.4,23.9,0.3,2.4,0.05,74,150,.493,15,.203,.895
butleca01,Caron Butler,SMALL FORWARD,34,DETROIT PISTONS,78,21,1623,161,396,83,219,55,61,21,175,79,43,4,49,120,7.3,0.2,-1.7,0.1,12.2,1.0,0.154,-1.9,1.4,1.3,9.3,1.4,0.5529999999999999,6.6,0.544,10.4,12.9,0.1,2.4,0.07,13,25,.520,9,.692,.928
butleji01,Jimmy Butler,SHOOTING GUARD,25,CHICAGO BULLS,65,65,2513,421,912,73,193,386,463,114,265,212,114,36,93,108,14.4,1.0,4.6,1.2,11.2,3.0,0.508,3.4,5.1,8.2,21.3,2.3,0.212,8.2,0.583,7.7,21.6,4.2,11.2,0.214,230,369,.623,131,.570,.891
butlera01,Rasual Butler,SMALL FORWARD,35,WASHINGTON WIZARDS,75,1,1505,218,517,91,235,53,67,27,170,63,29,22,48,98,6.5,1.2,-0.8,-0.3,12.4,1.6,0.13,-0.5,2.1,1.0,11.4,1.0,0.455,7.4,0.531,8.1,17.9,0.4,2.6,0.084,49,73,.671,34,.694,.934
caldejo01,José Calderón,POINT GUARD,33,NEW YORK KNICKS,42,42,1270,147,354,59,142,29,32,19,105,198,31,0,75,76,25.6,0.0,-3.0,-2.0,9.8,0.1,0.09,-1.1,1.7,0.8,11.3,1.3,0.401,5.6,0.519,16.9,16.1,-0.3,0.9,0.033,22,36,.611,13,.591,.864
caldwke01,Kentavious Caldwell-Pope,SHOOTING GUARD,21,DETROIT PISTONS,82,82,2587,390,972,153,444,110,158,46,209,109,93,18,94,161,6.8,0.5,-1.7,-0.4,9.1,1.8,0.163,-1.3,1.9,1.1,11.2,1.9,0.457,5.4,0.501,8.3,19.5,0.2,2.8,0.052000000000000005,132,220,.600,82,.621,.863
carrode01,DeMarre Carroll,SMALL FORWARD,28,ATLANTA HAWKS,70,69,2189,318,653,120,304,127,181,99,273,118,94,17,75,154,8.3,0.7,1.7,0.4,13.8,2.8,0.27699999999999997,1.2,5.3,4.3,15.9,2.2,0.466,9.7,0.603,9.3,16.9,2.0,7.0,0.154,176,263,.669,129,.733,.980
cartevi01,Vince Carter,SHOOTING GUARD,38,MEMPHIS GRIZZLIES,66,1,1091,135,406,69,232,45,57,27,106,79,43,14,43,102,11.1,1.1,-1.7,0.4,11.1,1.4,0.14,-2.1,2.8,-0.5,9.6,2.1,0.5710000000000001,7.0,0.445,9.1,19.9,0.1,1.0,0.043,37,74,.500,7,.189,.934
cartemi01,Michael Carter-Williams,POINT GUARD,23,PHILADELPHIA 76ERS,41,38,1391,232,611,32,125,117,182,43,211,302,60,18,174,103,40.9,1.0,-2.0,-0.4,17.3,1.6,0.298,-1.7,3.2,-2.1,12.8,2.2,0.205,9.9,0.444,20.1,27.1,0.0,-0.5,-0.017,194,336,.577,46,.237,.917
casspom01,Omri Casspi,SMALL FORWARD,26,SACRAMENTO KINGS,67,19,1416,209,427,35,87,140,191,54,206,102,31,9,88,107,11.8,0.5,-0.8,-1.1,15.9,0.6,0.447,0.3,4.5,2.0,14.4,1.1,0.204,10.4,0.58,14.7,18.7,0.4,2.7,0.091,118,163,.724,87,.737,.914
chalmma01,Mario Chalmers,POINT GUARD,28,MIAMI HEAT,80,37,2368,267,663,73,248,206,266,24,182,307,122,10,173,251,21.0,0.4,-2.5,0.1,9.0,2.0,0.401,-2.6,1.2,0.8,11.7,2.7,0.374,5.2,0.521,18.2,18.9,-0.3,2.8,0.055999999999999994,107,202,.530,42,.393,.932
chandty01,Tyson Chandler,CENTER,32,DALLAS MAVERICKS,75,75,2286,293,440,0,0,185,257,294,570,84,42,91,105,169,5.3,3.2,2.6,0.2,27.4,3.1,0.584,2.4,14.1,7.2,20.1,0.9,0.0,20.7,0.6970000000000001,16.0,12.8,2.7,10.3,0.21600000000000003,283,382,.741,197,.696,0
chandwi01,Wilson Chandler,SMALL FORWARD,27,DENVER NUGGETS,78,75,2471,418,975,139,406,110,142,96,379,134,58,29,110,231,8.9,0.9,-0.6,-0.7,17.2,1.5,0.146,0.2,4.1,2.1,13.2,1.2,0.41600000000000004,10.4,0.523,9.6,20.1,0.9,3.6,0.071,167,260,.642,87,.521,.935
clarkjo01,Jordan Clarkson,POINT GUARD,22,LOS ANGELES LAKERS,59,38,1476,267,596,38,121,131,158,56,135,206,51,12,96,109,23.8,0.7,0.2,-0.9,10.5,0.4,0.265,1.2,4.0,2.0,16.9,1.8,0.203,7.1,0.528,12.6,23.0,0.8,2.4,0.078,113,170,.665,44,.389,.737
coleno01,Norris Cole,POINT GUARD,26,MIAMI HEAT,47,23,1148,118,306,27,102,32,46,12,96,165,42,8,58,75,22.9,0.6,-3.0,-0.4,9.8,0.8,0.15,-2.6,1.3,-0.1,9.9,1.9,0.33299999999999996,5.7,0.452,15.1,15.7,-0.3,0.6,0.027000000000000003,80,146,.548,31,.388,.845
collida01,Darren Collison,POINT GUARD,27,SACRAMENTO KINGS,45,45,1565,260,550,60,161,145,184,19,124,252,67,14,112,95,27.2,0.7,2.1,-0.2,8.7,0.8,0.335,2.3,1.4,3.0,17.5,2.2,0.293,5.2,0.575,15.1,20.9,1.6,3.8,0.11599999999999999,93,136,.684,27,.290,.650
collini01,Nick Collison,POWER FORWARD,34,OKLAHOMA CITY THUNDER,66,2,1101,106,253,16,60,45,65,90,160,90,35,25,45,156,11.6,1.8,-1.0,0.9,15.3,1.2,0.257,-1.9,8.9,1.0,11.2,1.6,0.237,12.2,0.485,13.8,12.8,0.3,2.2,0.09699999999999999,62,96,.646,41,.661,1.000
conlemi01,Mike Conley,POINT GUARD,27,MEMPHIS GRIZZLIES,70,70,2225,393,882,107,277,214,249,29,180,375,89,14,156,139,28.0,0.5,2.8,0.2,9.2,2.7,0.282,2.6,1.5,4.2,18.6,2.1,0.314,5.4,0.5579999999999999,13.6,23.7,2.7,6.8,0.147,157,269,.584,39,.248,.701
couside01,DeMarcus Cousins,CENTER,24,SACRAMENTO KINGS,59,59,2013,498,1066,2,8,423,541,185,562,210,90,103,254,241,20.4,4.0,4.3,1.5,30.6,3.2,0.508,2.8,10.8,2.8,25.2,2.3,0.008,21.1,0.545,16.3,34.1,3.2,6.0,0.14400000000000002,286,456,.627,138,.483,1.000
covinro01,Robert Covington,SMALL FORWARD,24,PHILADELPHIA 76ERS,70,49,1956,299,756,167,446,178,217,65,251,105,97,31,128,189,9.8,1.3,0.7,0.4,14.6,2.3,0.287,0.3,3.4,1.6,14.7,2.5,0.59,8.8,0.5539999999999999,13.1,21.8,1.3,4.0,0.09699999999999999,92,156,.590,53,.576,.910
crawfja01,Jamal Crawford,SHOOTING GUARD,34,LOS ANGELES CLIPPERS,64,4,1703,332,839,119,364,227,252,18,106,158,59,14,92,108,14.9,0.7,0.7,-1.2,6.9,1.2,0.3,1.9,1.2,2.5,16.6,1.8,0.434,4.1,0.532,8.8,27.6,1.2,3.6,0.102,45,80,.562,14,.311,.730
crowdja01,Jae Crowder,SMALL FORWARD,24,BOSTON CELTICS,57,17,1382,196,469,48,170,99,130,60,204,82,57,20,39,111,9.0,1.1,0.6,0.8,16.4,1.8,0.27699999999999997,-0.2,4.7,1.6,14.1,2.1,0.36200000000000004,10.5,0.512,6.9,17.9,0.9,3.3,0.11599999999999999,103,165,.624,66,.641,.969
cunnida01,Dante Cunningham,POWER FORWARD,27,NEW ORLEANS PELICANS,66,27,1652,155,339,1,10,29,47,70,186,50,46,37,35,101,4.4,1.7,-2.5,0.4,12.8,1.2,0.139,-2.8,4.8,0.5,8.9,1.5,0.028999999999999998,8.8,0.473,8.9,10.9,-0.2,1.6,0.047,60,88,.682,50,.833,1.000
curryst01,Stephen Curry,POINT GUARD,26,GOLDEN STATE WARRIORS,80,80,2613,653,1341,286,646,308,337,56,285,619,163,16,249,158,38.6,0.5,9.9,1.7,11.4,4.1,0.251,8.2,2.4,11.5,28.0,3.0,0.48200000000000004,7.0,0.638,14.3,28.9,7.9,15.7,0.28800000000000003,218,316,.690,86,.394,.573
davisan02,Anthony Davis,POWER FORWARD,21,NEW ORLEANS PELICANS,68,68,2455,642,1199,1,12,371,461,173,523,149,100,200,95,141,11.6,6.2,8.9,2.3,24.1,4.2,0.384,6.6,8.0,9.9,30.8,2.1,0.01,16.1,0.591,6.3,27.8,6.7,14.0,0.27399999999999997,328,446,.735,229,.698,1.000
davised01,Ed Davis,POWER FORWARD,25,LOS ANGELES LAKERS,79,24,1840,282,469,0,0,92,189,230,370,94,49,98,58,202,8.3,4.3,1.5,0.1,23.1,1.6,0.40299999999999997,1.4,13.3,4.6,20.0,1.4,0.0,18.0,0.594,9.5,14.8,1.6,6.3,0.16399999999999998,232,338,.686,151,.651,0
dellama01,Matthew Dellavedova,SHOOTING GUARD,24,CLEVELAND CAVALIERS,67,13,1380,111,307,68,167,29,38,37,89,204,24,2,61,152,21.1,0.1,-2.8,-0.8,7.3,0.5,0.124,-2.0,3.1,1.4,8.5,0.9,0.544,5.2,0.493,15.9,12.6,-0.3,1.9,0.067,9,23,.391,2,.222,.891
denglu01,Luol Deng,SMALL FORWARD,29,MIAMI HEAT,72,72,2421,369,787,78,220,191,251,103,273,139,65,22,108,109,9.9,0.8,0.0,-1.1,13.3,1.6,0.319,1.1,5.2,3.7,15.5,1.4,0.28,9.3,0.561,10.7,19.5,1.2,5.4,0.106,157,243,.646,96,.611,.974
derozde01,DeMar DeRozan,SHOOTING GUARD,25,TORONTO RAPTORS,60,60,2100,409,990,25,88,361,434,41,236,210,73,11,137,122,17.0,0.4,-0.9,-1.4,12.9,1.4,0.43799999999999994,0.5,2.3,2.6,17.4,1.8,0.08900000000000001,7.6,0.51,10.4,28.4,0.6,4.0,0.09,132,202,.653,71,.538,.964
diawbo01,Boris Diaw,POWER FORWARD,32,SAN ANTONIO SPURS,81,15,1984,291,632,54,169,72,93,78,270,233,36,23,126,148,17.9,0.9,-0.4,0.2,15.2,2.3,0.147,-0.6,4.5,1.3,12.7,0.9,0.267,10.0,0.526,15.8,18.3,0.8,3.6,0.08800000000000001,124,202,.614,82,.661,.966
dienggo01,Gorgui Dieng,CENTER,25,MINNESOTA TIMBERWOLVES,73,49,2193,259,512,1,6,191,244,223,386,146,71,126,126,188,10.5,4.5,0.2,0.3,20.8,1.5,0.47700000000000004,-0.1,11.3,3.4,17.2,1.6,0.012,15.9,0.573,16.9,15.0,1.2,4.9,0.10800000000000001,132,208,.635,79,.598,1.000
dragigo01,Goran Dragić,SHOOTING GUARD,28,PHOENIX SUNS,52,52,1735,340,679,66,186,97,130,51,134,211,50,9,114,120,20.2,0.4,0.1,-1.0,8.5,0.9,0.191,1.1,3.2,3.1,16.7,1.4,0.27399999999999997,5.8,0.573,13.4,21.5,0.9,4.0,0.111,291,416,.700,119,.409,.756
drumman01,Andre Drummond,CENTER,21,DETROIT PISTONS,82,82,2502,494,961,0,2,142,365,437,667,55,73,153,120,285,3.9,4.8,-0.1,-0.7,30.1,4.3,0.38,0.6,18.3,3.4,21.4,1.5,0.002,24.0,0.504,9.7,22.0,1.2,7.7,0.147,396,660,.600,224,.566,
dudleja01,Jared Dudley,SHOOTING GUARD,29,MILWAUKEE BUCKS,72,22,1717,198,423,74,192,48,67,45,175,130,72,11,62,113,11.5,0.5,0.6,1.0,11.6,2.1,0.158,-0.5,3.0,2.0,12.3,2.1,0.45399999999999996,7.3,0.5720000000000001,12.1,13.5,1.1,4.1,0.11599999999999999,50,78,.641,33,.660,1.000
duncati01,Tim Duncan,CENTER,38,SAN ANTONIO SPURS,77,77,2227,419,819,2,7,230,311,170,534,230,63,151,131,165,16.8,5.1,5.1,2.8,26.7,4.7,0.38,2.3,8.8,4.9,22.6,1.4,0.009000000000000001,17.9,0.56,12.1,22.2,4.0,9.6,0.207,226,322,.702,178,.788,1.000
dunlemi02,Mike Dunleavy,SMALL FORWARD,34,CHICAGO BULLS,63,63,1838,209,481,107,263,70,87,28,220,114,39,21,60,123,9.7,0.8,0.0,0.2,12.7,1.7,0.18100000000000002,-0.3,1.7,2.4,11.6,1.1,0.547,7.3,0.573,10.4,14.2,0.9,4.1,0.10800000000000001,58,101,.574,37,.638,.970
ellinwa01,Wayne Ellington,SHOOTING GUARD,27,LOS ANGELES LAKERS,65,36,1675,254,617,90,243,52,64,31,179,105,33,2,50,77,10.2,0.1,-2.3,-1.8,12.3,0.1,0.10400000000000001,-0.5,2.0,1.1,11.6,1.0,0.39399999999999996,6.9,0.504,7.2,18.5,-0.1,1.2,0.034,61,99,.616,30,.492,.689
ellismo01,Monta Ellis,SHOOTING GUARD,29,DALLAS MAVERICKS,80,80,2699,602,1354,81,284,228,303,34,156,329,148,25,198,197,20.5,0.8,-0.1,-0.1,6.4,2.2,0.22399999999999998,0.0,1.4,1.4,16.5,2.8,0.21,3.9,0.509,11.7,27.9,1.3,3.6,0.065,230,365,.630,101,.439,.707
ennisja01,James Ennis,SMALL FORWARD,24,MIAMI HEAT,62,3,1051,101,247,31,95,79,94,51,125,48,25,17,39,89,7.2,1.4,-1.5,-0.5,14.0,0.8,0.381,-1.0,6.0,1.2,11.5,1.3,0.385,10.1,0.541,11.9,14.6,0.1,1.9,0.08800000000000001,54,92,.587,31,.574,.935
evansty01,Tyreke Evans,SHOOTING GUARD,25,NEW ORLEANS PELICANS,79,76,2690,521,1165,69,227,202,291,82,334,521,100,37,246,198,32.7,1.0,1.2,-0.2,14.1,2.2,0.25,1.4,3.5,2.4,17.7,2.0,0.195,8.8,0.508,16.0,26.1,2.2,4.6,0.08199999999999999,358,644,.556,105,.293,.690
exumda01,Dante Exum,POINT GUARD,19,UTAH JAZZ,82,41,1817,145,416,83,264,20,32,27,104,198,41,14,118,147,16.6,0.6,-4.3,-0.7,6.6,1.0,0.077,-3.6,1.7,-1.1,5.7,1.2,0.635,4.2,0.457,21.5,13.8,-1.1,-0.1,-0.003,38,52,.731,23,.605,.940
farieke01,Kenneth Faried,POWER FORWARD,25,DENVER NUGGETS,75,71,2086,373,736,1,8,199,288,242,426,89,62,57,118,211,7.1,2.1,-0.1,-0.7,22.9,2.1,0.391,0.6,12.1,3.5,18.4,1.5,0.011000000000000001,17.3,0.5479999999999999,12.0,20.3,1.0,5.6,0.13,268,425,.631,171,.638,.000
favorde01,Derrick Favors,POWER FORWARD,23,UTAH JAZZ,74,74,2280,482,918,1,6,222,332,196,411,112,60,123,121,210,9.4,4.3,2.5,0.6,20.7,3.3,0.36200000000000004,1.9,10.0,5.0,21.8,1.4,0.006999999999999999,15.4,0.5579999999999999,10.2,23.8,2.6,8.3,0.175,300,406,.739,197,.657,1.000
fournev01,Evan Fournier,SHOOTING GUARD,22,ORLANDO MAGIC,58,32,1661,253,575,85,225,107,147,28,125,120,40,2,82,116,11.5,0.1,-1.8,-1.3,8.7,0.6,0.256,-0.5,1.9,1.5,12.4,1.2,0.391,5.2,0.546,11.4,19.7,0.1,2.1,0.059000000000000004,124,195,.636,59,.476,.776
foyera01,Randy Foye,SHOOTING GUARD,31,DENVER NUGGETS,50,21,1087,148,402,94,263,45,55,9,76,119,34,11,60,97,17.0,0.8,-1.2,-0.9,7.8,0.4,0.13699999999999998,-0.3,0.9,0.6,11.0,1.6,0.654,4.2,0.51,12.3,19.3,0.2,1.0,0.045,25,40,.625,6,.240,.819
fryech01,Channing Frye,POWER FORWARD,31,ORLANDO MAGIC,75,51,1870,191,487,136,346,31,35,27,266,94,47,39,78,191,7.4,1.7,-1.5,-0.1,16.4,1.4,0.07200000000000001,-1.5,1.6,0.7,9.5,1.3,0.71,8.9,0.546,13.4,14.1,0.2,2.1,0.053,9,25,.360,4,.444,.978
gallida01,Danilo Gallinari,SMALL FORWARD,26,DENVER NUGGETS,59,27,1426,228,568,107,301,171,191,31,187,83,47,20,57,94,9.4,1.1,2.4,-0.2,14.7,1.0,0.336,2.6,2.3,3.0,16.8,1.6,0.53,8.3,0.563,8.0,21.5,1.6,3.9,0.132,60,97,.619,24,.400,.879
gallola01,Langston Galloway,POINT GUARD,23,NEW YORK KNICKS,45,41,1457,204,511,62,176,63,78,37,153,150,52,12,61,129,17.6,0.7,-2.3,-0.9,12.5,0.6,0.153,-1.5,2.9,0.7,12.3,1.9,0.344,7.5,0.489,10.1,19.2,-0.1,1.3,0.043,56,112,.500,27,.482,.742
gasolma01,Marc Gasol,CENTER,30,MEMPHIS GRIZZLIES,81,81,2687,530,1072,3,17,350,440,115,515,307,70,131,176,208,19.7,4.0,5.1,2.4,21.8,4.7,0.41,2.7,4.9,5.5,21.7,1.4,0.016,13.4,0.5579999999999999,12.2,24.6,4.8,10.2,0.182,203,298,.681,134,.660,.667
gasolpa01,Pau Gasol,POWER FORWARD,34,CHICAGO BULLS,78,78,2681,570,1153,12,26,294,366,220,699,210,25,147,158,147,14.4,4.0,3.5,0.6,27.6,4.4,0.317,2.9,9.2,6.0,22.7,0.5,0.023,18.6,0.55,10.7,24.7,3.7,10.4,0.187,243,396,.614,137,.564,1.000
gayru01,Rudy Gay,SMALL FORWARD,28,SACRAMENTO KINGS,68,67,2408,508,1116,79,220,337,393,98,301,250,71,41,183,157,19.0,1.3,2.7,-0.7,13.7,1.3,0.35200000000000004,3.4,4.8,4.8,19.7,1.5,0.19699999999999998,9.4,0.556,12.4,27.0,2.9,6.1,0.122,140,227,.617,54,.386,.734
gibsota01,Taj Gibson,POWER FORWARD,29,CHICAGO BULLS,62,17,1692,254,506,0,0,132,184,162,234,71,36,75,77,162,6.9,3.2,-0.4,0.1,14.6,2.1,0.364,-0.5,10.7,2.7,16.1,1.1,0.0,12.7,0.545,11.6,17.6,0.7,4.8,0.13699999999999998,199,320,.622,139,.698,0
ginobma01,Manu Ginóbili,SHOOTING GUARD,37,SAN ANTONIO SPURS,70,0,1587,251,589,89,258,147,204,28,183,293,67,20,154,138,28.6,0.9,1.7,0.9,12.8,2.3,0.34600000000000003,0.9,2.0,1.4,16.2,2.2,0.43799999999999994,7.5,0.544,18.5,23.9,1.5,3.7,0.111,103,174,.592,47,.456,.814
goberru01,Rudy Gobert,CENTER,22,UTAH JAZZ,82,37,2158,258,427,0,2,170,273,265,510,109,64,189,111,175,8.2,7.0,4.2,2.5,27.2,4.3,0.639,1.7,14.3,5.0,21.6,1.6,0.005,20.7,0.627,16.9,14.0,3.4,9.3,0.20600000000000002,239,337,.709,143,.598,
gordoer01,Eric Gordon,SHOOTING GUARD,26,NEW ORLEANS PELICANS,61,60,2018,285,694,141,315,107,133,28,131,229,50,14,122,145,17.6,0.5,-1.0,-1.2,7.4,0.7,0.192,0.2,1.6,2.2,12.7,1.3,0.45399999999999996,4.5,0.544,14.0,19.8,0.5,2.9,0.069,66,144,.458,19,.288,.929
gortama01,Marcin Gortat,CENTER,30,WASHINGTON WIZARDS,82,82,2453,439,775,0,3,123,175,180,537,97,49,110,100,191,6.5,3.6,1.5,0.9,24.1,4.2,0.226,0.6,8.5,4.4,18.2,1.0,0.004,16.5,0.5870000000000001,10.5,17.6,2.1,8.6,0.168,301,407,.740,247,.821,
grantje01,Jerami Grant,SMALL FORWARD,20,PHILADELPHIA 76ERS,65,11,1377,124,352,49,156,114,193,49,149,79,40,68,85,144,9.4,4.0,-3.3,0.6,12.3,1.4,0.5479999999999999,-3.9,3.7,-0.9,8.7,1.5,0.44299999999999995,7.8,0.47,16.3,16.5,-0.5,0.5,0.019,61,113,.540,38,.623,.980
greenda02,Danny Green,SHOOTING GUARD,27,SAN ANTONIO SPURS,81,80,2312,322,738,191,457,111,127,54,289,158,101,87,93,163,10.3,2.8,4.6,2.0,13.9,3.9,0.172,2.6,2.7,4.0,16.5,2.2,0.619,8.4,0.596,10.5,17.5,3.8,7.8,0.163,78,135,.578,53,.679,.941
greendr01,Draymond Green,POWER FORWARD,24,GOLDEN STATE WARRIORS,79,79,2490,339,765,111,329,132,200,114,533,291,123,99,133,253,16.1,2.9,3.5,2.8,22.4,5.2,0.261,0.7,5.1,3.3,16.4,2.4,0.43,14.0,0.54,13.5,17.2,3.5,8.5,0.163,228,343,.665,154,.675,1.000
greenge01,Gerald Green,SHOOTING GUARD,29,PHOENIX SUNS,74,4,1446,324,778,137,387,99,120,33,153,91,42,12,104,145,10.9,0.6,-0.3,-1.5,11.7,1.0,0.154,1.2,2.5,1.0,15.4,1.4,0.49700000000000005,7.0,0.532,11.1,28.4,0.6,1.9,0.065,68,103,.660,37,.544,.737
greenje02,Jeff Green,SMALL FORWARD,28,BOSTON CELTICS,33,33,1093,206,475,47,154,121,144,21,120,53,27,13,56,66,7.9,0.9,-1.1,-1.3,12.2,1.0,0.303,0.2,2.1,1.0,14.6,1.2,0.324,7.1,0.539,9.4,23.8,0.3,2.0,0.08900000000000001,174,283,.615,98,.563,.851
greenje02,Jeff Green,SMALL FORWARD,28,MEMPHIS GRIZZLIES,45,37,1361,210,492,50,138,118,143,43,144,81,26,21,52,81,9.5,1.3,0.6,-0.2,12.0,1.5,0.29100000000000004,0.8,3.6,1.7,14.2,1.0,0.28,7.8,0.53,8.6,20.5,0.9,3.1,0.111,174,283,.615,98,.563,.851
griffbl01,Blake Griffin,POWER FORWARD,25,LOS ANGELES CLIPPERS,67,67,2356,574,1144,10,25,311,427,126,382,354,63,35,152,196,26.2,1.2,4.0,0.2,17.9,2.4,0.373,3.8,6.1,6.6,22.8,1.4,0.022000000000000002,12.1,0.551,10.2,28.4,3.6,9.0,0.183,348,490,.710,226,.649,.818
hansbty01,Tyler Hansbrough,POWER FORWARD,29,TORONTO RAPTORS,74,8,1058,86,165,1,7,97,139,106,159,21,30,15,20,141,2.8,1.1,-1.3,-0.6,17.3,0.9,0.8420000000000001,-0.7,11.6,2.6,13.3,1.5,0.042,14.4,0.597,8.1,10.5,0.2,3.4,0.156,62,111,.559,46,.742,1.000
hardati02,Tim Hardaway Jr.,SHOOTING GUARD,22,NEW YORK KNICKS,70,30,1681,279,717,121,354,125,156,12,144,127,20,14,82,119,13.5,0.7,-2.8,-3.0,10.2,0.0,0.218,0.2,0.8,0.8,12.1,0.6,0.494,5.4,0.512,9.5,23.8,-0.3,0.8,0.023,83,137,.606,45,.542,.893
hardeja01,James Harden,SHOOTING GUARD,25,HOUSTON ROCKETS,81,81,2981,647,1470,208,555,715,824,75,384,565,154,60,321,208,34.6,1.6,8.8,1.8,14.2,4.2,0.561,7.0,2.8,12.2,26.7,2.6,0.37799999999999995,8.5,0.605,14.9,31.3,8.1,16.4,0.265,321,516,.622,77,.240,.486
harride01,Devin Harris,POINT GUARD,31,DALLAS MAVERICKS,76,3,1685,219,524,95,266,132,162,13,122,237,78,14,85,147,20.4,0.7,1.4,0.8,8.0,1.3,0.309,0.6,0.8,2.9,14.8,2.3,0.508,4.4,0.5589999999999999,12.5,18.0,1.4,4.2,0.12,81,129,.628,24,.296,.811
harrito02,Tobias Harris,SMALL FORWARD,22,ORLANDO MAGIC,68,63,2369,442,949,87,239,193,245,73,357,124,69,36,115,134,8.8,1.2,0.5,-0.6,17.3,1.8,0.258,1.1,3.4,3.0,16.7,1.5,0.252,10.3,0.551,9.8,22.5,1.5,4.8,0.098,192,281,.683,122,.635,.966
hawessp01,Spencer Hawes,POWER FORWARD,26,LOS ANGELES CLIPPERS,73,15,1274,163,415,55,176,44,68,30,228,88,24,53,61,173,10.0,3.4,-2.3,0.7,19.7,1.5,0.16399999999999998,-3.0,2.7,-0.3,9.8,1.0,0.424,11.4,0.478,12.1,17.9,-0.1,1.2,0.044000000000000004,52,86,.605,38,.731,1.000
haywago01,Gordon Hayward,SMALL FORWARD,24,UTAH JAZZ,76,76,2618,484,1087,120,330,375,462,54,319,313,108,30,206,131,21.7,0.9,4.0,0.5,14.0,2.9,0.425,3.5,2.4,5.8,20.2,2.2,0.304,8.2,0.5670000000000001,13.8,26.2,4.0,8.7,0.159,144,227,.634,66,.458,.858
hendege02,Gerald Henderson,SHOOTING GUARD,27,CHARLOTTE HORNETS,80,72,2315,370,847,45,136,184,217,36,237,206,51,22,110,135,15.6,0.7,-1.4,0.0,11.6,2.3,0.256,-1.3,1.7,1.3,13.2,1.1,0.161,6.5,0.514,10.5,20.7,0.4,3.6,0.07400000000000001,112,176,.636,68,.607,.956
hensojo01,John Henson,CENTER,24,MILWAUKEE BUCKS,67,11,1228,196,346,0,0,78,137,124,188,59,28,135,87,152,7.8,9.3,0.7,2.2,17.4,2.4,0.396,-1.5,11.7,1.3,18.0,1.2,0.0,14.5,0.578,17.6,18.1,0.8,3.6,0.142,164,254,.646,121,.738,
hibbero01,Roy Hibbert,CENTER,28,INDIANA PACERS,76,76,1926,317,710,0,2,168,204,156,384,84,18,125,107,216,7.4,5.1,-1.2,0.6,21.9,3.2,0.287,-1.8,9.0,1.0,15.4,0.5,0.003,15.5,0.501,11.8,21.3,0.4,4.2,0.105,87,156,.558,45,.517,
hicksjj01,J.J. Hickson,CENTER,26,DENVER NUGGETS,73,8,1411,218,459,0,2,116,201,150,302,57,36,35,96,136,6.5,1.9,-2.7,-1.1,24.0,1.4,0.43799999999999994,-1.6,11.1,0.5,14.3,1.3,0.004,17.3,0.504,14.9,19.7,-0.2,1.8,0.062,156,256,.609,99,.635,
hilarne01,Nenê,POWER FORWARD,32,WASHINGTON WIZARDS,67,58,1693,307,601,1,5,122,202,84,261,123,66,22,124,180,12.0,1.0,-0.8,0.9,17.0,2.5,0.336,-1.7,5.7,0.5,14.3,2.0,0.008,11.5,0.534,15.2,21.8,0.5,3.0,0.086,200,294,.680,130,.650,1.000
hillge01,George Hill,POINT GUARD,28,INDIANA PACERS,43,36,1267,255,535,69,193,113,143,25,154,220,44,14,69,111,31.4,0.9,5.3,1.2,13.3,1.6,0.267,4.1,2.2,3.7,21.5,1.8,0.361,7.8,0.579,10.3,23.8,2.3,5.4,0.203,85,121,.702,27,.318,.725
hilljo01,Jordan Hill,CENTER,27,LOS ANGELES LAKERS,70,57,1874,357,777,3,11,124,168,174,382,103,34,52,106,164,9.5,2.3,-2.2,-1.6,23.4,1.1,0.21600000000000003,-0.6,9.9,1.1,16.2,0.9,0.013999999999999999,16.4,0.494,11.1,22.7,-0.1,2.2,0.055,134,194,.691,73,.545,.333
hillso01,Solomon Hill,SMALL FORWARD,23,INDIANA PACERS,82,78,2381,251,634,68,208,159,193,70,244,184,66,18,115,177,11.9,0.6,-1.5,0.5,11.2,2.6,0.304,-2.0,3.3,0.9,10.2,1.4,0.32799999999999996,7.3,0.507,13.8,15.9,0.3,3.5,0.07200000000000001,112,223,.502,46,.411,.971
hinriki01,Kirk Hinrich,SHOOTING GUARD,34,CHICAGO BULLS,66,22,1610,142,381,58,168,35,50,20,101,148,46,14,73,144,13.8,0.6,-3.8,0.0,6.6,1.3,0.131,-3.8,1.4,-0.3,6.8,1.5,0.441,4.1,0.46799999999999997,15.3,13.3,-0.7,1.0,0.03,25,46,.543,7,.280,.922
holidjr01,Jrue Holiday,POINT GUARD,24,NEW ORLEANS PELICANS,40,37,1303,238,534,51,135,65,76,32,103,274,63,23,91,110,34.9,1.3,2.8,0.3,9.0,1.1,0.142,2.5,2.8,2.3,18.8,2.5,0.253,5.9,0.522,13.8,23.1,1.6,3.4,0.124,79,141,.560,14,.177,.558
hoodro01,Rodney Hood,SHOOTING GUARD,22,UTAH JAZZ,50,21,1064,155,374,62,170,61,80,9,108,83,30,12,45,119,13.2,0.9,-0.7,0.3,11.7,0.9,0.214,-1.0,1.0,1.3,12.3,1.5,0.455,6.4,0.529,9.9,19.6,0.3,2.2,0.098,32,48,.667,15,.469,.855
horfoal01,Al Horford,CENTER,28,ATLANTA HAWKS,76,76,2318,519,965,11,36,107,141,131,413,244,68,98,100,121,18.6,3.5,4.1,1.5,19.8,3.6,0.146,2.6,6.7,5.1,21.4,1.5,0.037000000000000005,13.4,0.563,8.9,22.2,3.6,8.7,0.179,257,337,.763,210,.817,.923
howardw01,Dwight Howard,CENTER,29,HOUSTON ROCKETS,41,41,1223,251,423,1,2,143,271,110,321,50,28,53,115,137,7.3,3.4,-0.4,-0.1,28.9,2.2,0.6409999999999999,-0.3,10.0,1.4,19.2,1.1,0.005,19.5,0.596,17.5,23.3,0.5,3.6,0.14,277,376,.737,182,.657,1.000
humphkr01,Kris Humphries,POWER FORWARD,29,WASHINGTON WIZARDS,64,17,1345,211,446,0,7,87,117,118,298,57,34,25,46,130,6.7,1.5,-1.0,0.0,24.4,2.1,0.262,-1.0,10.1,1.6,15.4,1.3,0.016,17.4,0.512,8.5,18.3,0.3,3.8,0.134,89,145,.614,55,.618,
ibakase01,Serge Ibaka,POWER FORWARD,25,OKLAHOMA CITY THUNDER,64,64,2116,374,786,77,205,92,110,135,364,55,30,155,97,194,4.2,5.8,0.9,0.4,18.1,2.7,0.14,0.5,7.0,2.9,16.6,0.7,0.261,12.6,0.5489999999999999,10.4,18.9,1.6,5.6,0.127,108,159,.679,74,.685,.987
iguodan01,Andre Iguodala,SMALL FORWARD,31,GOLDEN STATE WARRIORS,77,0,2069,231,496,74,212,68,114,44,213,228,89,25,88,100,14.6,0.9,0.9,1.4,10.8,2.8,0.23,-0.4,2.4,2.3,12.3,2.1,0.42700000000000005,6.7,0.5529999999999999,13.9,13.3,1.5,5.1,0.11699999999999999,147,193,.762,108,.735,.922
ilyaser01,Ersan İlyasova,POWER FORWARD,27,MILWAUKEE BUCKS,58,36,1319,263,557,74,190,69,107,80,197,56,36,19,45,149,7.4,1.2,1.1,-0.5,17.0,1.7,0.192,1.6,7.0,2.3,16.8,1.4,0.341,12.0,0.5539999999999999,6.9,22.1,1.0,4.0,0.146,122,206,.592,73,.598,.962
inglejo01,Joe Ingles,SMALL FORWARD,27,UTAH JAZZ,79,32,1673,147,354,72,202,30,40,22,153,182,72,10,98,124,16.8,0.5,-1.2,1.1,10.5,1.6,0.113,-2.3,1.5,0.5,9.6,2.3,0.5710000000000001,6.0,0.5329999999999999,20.9,12.9,0.3,2.2,0.062,31,42,.738,12,.387,.931
irvinky01,Kyrie Irving,POINT GUARD,22,CLEVELAND CAVALIERS,75,75,2730,578,1235,157,378,315,365,55,182,389,114,20,186,146,25.0,0.6,4.1,-0.4,7.5,2.0,0.29600000000000004,4.4,2.3,8.4,21.5,2.2,0.306,5.0,0.583,11.8,26.2,4.2,10.4,0.183,233,387,.602,61,.262,.630
jackja01,Jarrett Jack,POINT GUARD,31,BROOKLYN NETS,80,27,2241,359,817,39,146,200,227,19,226,373,75,13,191,143,27.3,0.5,-1.1,-0.7,11.3,1.4,0.278,-0.4,1.0,1.1,14.6,1.7,0.179,6.1,0.522,17.2,22.6,0.5,2.6,0.055,69,112,.616,14,.203,.841
jacksre01,Reggie Jackson,POINT GUARD,24,OKLAHOMA CITY THUNDER,50,13,1398,249,576,44,158,99,115,28,173,214,42,5,91,94,24.5,0.3,0.7,-0.2,13.0,1.1,0.2,0.9,2.2,1.8,15.6,1.5,0.27399999999999997,7.7,0.511,12.7,22.1,0.9,2.9,0.10099999999999999,166,270,.615,28,.169,.486
jamesle01,LeBron James,SMALL FORWARD,30,CLEVELAND CAVALIERS,69,69,2493,624,1279,120,339,375,528,51,365,511,109,49,272,135,38.6,1.6,7.1,1.0,16.6,2.9,0.413,6.1,2.4,7.4,25.9,2.3,0.265,9.6,0.5770000000000001,15.3,32.3,5.7,10.4,0.19899999999999998,423,591,.716,160,.378,.469
jeffeal01,Al Jefferson,CENTER,30,CHARLOTTE HORNETS,65,61,1992,486,1010,2,5,108,165,99,449,113,47,84,68,139,11.6,3.3,1.6,0.7,25.5,3.4,0.163,0.9,5.3,1.3,19.7,1.2,0.005,15.1,0.5,5.9,26.3,1.8,4.7,0.113,182,285,.639,101,.555,.500
jefferi01,Richard Jefferson,SMALL FORWARD,34,DALLAS MAVERICKS,74,18,1244,144,324,66,155,78,114,25,158,61,32,11,52,115,7.0,0.7,-0.8,0.0,14.0,0.9,0.35200000000000004,-0.8,2.2,1.4,11.3,1.3,0.478,8.1,0.5770000000000001,12.2,15.3,0.4,2.3,0.08800000000000001,54,86,.628,36,.667,.928
jennibr01,Brandon Jennings,POINT GUARD,25,DETROIT PISTONS,41,41,1173,218,543,76,211,120,143,21,83,272,44,4,90,64,39.9,0.3,3.3,-0.6,8.0,0.7,0.263,4.0,1.9,2.6,19.7,1.9,0.389,4.8,0.522,12.9,26.3,1.6,3.3,0.136,79,152,.520,31,.392,.461
johnsam01,Amir Johnson,POWER FORWARD,27,TORONTO RAPTORS,75,72,1979,298,519,19,46,79,129,159,297,117,44,59,110,225,9.4,2.4,-0.1,-0.1,17.3,1.6,0.249,0.0,9.3,3.5,15.4,1.1,0.08900000000000001,13.3,0.603,16.0,15.7,0.9,5.1,0.124,189,266,.711,131,.693,1.000
johnsja01,James Johnson,POWER FORWARD,27,TORONTO RAPTORS,70,17,1370,238,404,11,51,67,102,61,196,95,54,70,79,155,11.4,4.1,2.4,1.7,16.5,1.6,0.252,0.7,5.1,2.5,17.9,2.0,0.126,10.8,0.617,15.0,17.4,1.5,4.1,0.14300000000000002,165,216,.764,83,.503,1.000
johnsjo02,Joe Johnson,SHOOTING GUARD,33,BROOKLYN NETS,80,80,2791,446,1025,121,337,141,176,53,331,292,59,14,137,120,17.1,0.4,-0.1,-0.8,13.3,1.5,0.172,0.7,2.1,2.6,14.1,1.1,0.32899999999999996,7.7,0.523,11.1,20.3,1.3,4.1,0.07,58,104,.558,19,.328,.895
johnswe01,Wesley Johnson,SMALL FORWARD,27,LOS ANGELES LAKERS,76,59,2245,286,691,91,259,90,112,67,252,124,59,45,87,162,8.6,1.6,-1.9,-0.8,12.9,0.7,0.162,-1.1,3.2,1.0,11.1,1.3,0.375,7.8,0.509,10.5,16.4,0.1,1.7,0.037000000000000005,76,108,.704,52,.684,.923
jordade01,DeAndre Jordan,CENTER,26,LOS ANGELES CLIPPERS,82,82,2820,379,534,1,4,187,471,397,829,61,81,183,109,245,3.2,5.4,2.9,0.7,32.4,5.4,0.882,2.2,16.2,7.4,21.0,1.5,0.006999999999999999,24.5,0.638,12.8,13.6,3.5,12.8,0.217,416,558,.746,289,.695,.000
josepco01,Cory Joseph,POINT GUARD,23,SAN ANTONIO SPURS,79,14,1444,207,411,16,44,105,143,44,148,188,46,17,67,105,19.7,0.9,1.4,1.3,11.4,1.8,0.348,0.2,3.5,2.7,15.5,1.6,0.107,7.5,0.564,12.4,17.0,1.2,4.5,0.149,99,163,.607,41,.414,.938
kamanch01,Chris Kaman,CENTER,32,PORTLAND TRAIL BLAZERS,74,13,1398,283,549,0,0,72,102,149,335,65,18,54,108,140,7.8,2.8,-0.8,0.1,25.2,2.2,0.18600000000000003,-0.8,11.6,1.1,17.3,0.7,0.0,18.5,0.537,15.4,22.5,0.4,3.3,0.11199999999999999,136,204,.667,72,.529,0
kanteen01,Enes Kanter,CENTER,22,UTAH JAZZ,49,48,1326,286,582,13,41,93,118,147,237,26,23,16,93,114,3.8,1.0,-2.7,-2.7,20.5,1.3,0.203,0.0,12.9,1.4,17.5,0.9,0.07,16.7,0.535,12.8,25.1,-0.2,2.7,0.099,311,467,.666,141,.453,1.000
kellyry01,Ryan Kelly,POWER FORWARD,23,LOS ANGELES LAKERS,52,34,1233,104,309,45,134,79,95,13,133,92,30,24,37,118,10.9,1.6,-3.3,-0.3,12.4,0.3,0.307,-3.0,1.1,0.4,8.6,1.2,0.434,6.5,0.473,9.5,14.0,-0.4,0.7,0.027000000000000003,29,45,.644,19,.655,.978
kiddgmi01,Michael Kidd-Gilchrist,SMALL FORWARD,21,CHARLOTTE HORNETS,55,52,1587,224,482,0,0,150,214,109,307,77,30,38,63,115,8.2,1.9,-0.5,0.6,21.9,2.2,0.444,-1.1,7.4,1.6,15.1,1.0,0.0,14.4,0.519,9.9,18.4,0.6,3.8,0.114,133,230,.578,90,.677,0
knighbr03,Brandon Knight,POINT GUARD,23,MILWAUKEE BUCKS,52,52,1688,324,745,104,254,171,194,26,195,281,84,9,166,93,28.6,0.5,2.5,0.0,13.1,2.4,0.26,2.5,1.8,2.0,18.5,2.5,0.341,7.5,0.556,16.7,26.6,1.9,4.4,0.124,140,242,.579,51,.364,.656
korveky01,Kyle Korver,SHOOTING GUARD,33,ATLANTA HAWKS,75,75,2418,292,600,221,449,106,118,15,289,196,52,42,107,140,12.1,1.5,2.8,0.4,13.3,2.4,0.19699999999999998,2.4,0.7,5.0,14.8,1.1,0.748,7.2,0.6990000000000001,14.1,14.4,3.0,7.5,0.14800000000000002,21,32,.656,20,.952,.962
koufoko01,Kosta Koufos,CENTER,25,MEMPHIS GRIZZLIES,81,3,1348,182,358,0,0,55,85,121,305,37,29,63,69,148,4.3,3.9,-1.2,0.7,25.8,2.5,0.237,-2.0,10.3,0.8,14.2,1.1,0.0,18.1,0.53,14.9,15.8,0.2,3.3,0.11800000000000001,107,171,.626,74,.692,0
landrca01,Carl Landry,POWER FORWARD,31,SACRAMENTO KINGS,70,15,1192,190,369,0,0,123,150,99,169,26,15,17,54,132,3.6,1.1,-2.3,-1.7,15.5,0.5,0.40700000000000003,-0.5,9.8,2.3,14.9,0.6,0.0,12.8,0.578,11.0,18.1,-0.1,2.8,0.11199999999999999,91,130,.700,64,.703,0
larkish01,Shane Larkin,POINT GUARD,22,NEW YORK KNICKS,76,22,1865,187,432,35,116,61,78,29,147,226,93,9,83,150,19.4,0.4,-2.8,0.2,9.4,0.9,0.18100000000000002,-3.0,1.7,0.8,10.9,2.6,0.26899999999999996,5.4,0.504,15.1,13.6,-0.4,1.7,0.045,74,123,.602,39,.527,.800
lavinza01,Zach LaVine,POINT GUARD,19,MINNESOTA TIMBERWOLVES,77,40,1902,286,677,57,167,149,177,27,187,276,54,10,193,158,24.0,0.4,-4.6,-2.5,11.6,0.0,0.261,-2.2,1.6,-0.7,11.3,1.4,0.247,6.4,0.515,20.4,22.0,-1.3,-0.7,-0.018000000000000002,119,188,.633,48,.403,.789
lawsoty01,Ty Lawson,POINT GUARD,27,DENVER NUGGETS,75,75,2665,404,926,70,205,265,363,42,192,720,92,9,185,128,43.0,0.3,2.2,-0.9,8.1,1.0,0.392,3.0,1.6,6.0,18.5,1.7,0.221,4.7,0.526,14.6,20.6,2.8,7.0,0.126,149,232,.642,29,.195,.614
leeco01,Courtney Lee,SHOOTING GUARD,29,MEMPHIS GRIZZLIES,77,74,2354,288,643,90,224,111,129,21,157,151,75,12,78,129,9.8,0.4,-0.5,0.5,7.6,2.4,0.201,-1.0,1.0,2.5,11.5,1.7,0.348,4.3,0.555,10.0,15.2,0.9,4.8,0.099,75,118,.636,41,.547,.971
lenal01,Alex Len,CENTER,21,PHOENIX SUNS,69,44,1518,179,353,1,3,73,104,142,312,32,34,105,74,213,3.1,5.3,-1.8,1.0,22.7,2.1,0.295,-2.8,10.2,1.2,13.5,1.1,0.008,16.4,0.542,15.7,13.7,0.1,3.4,0.107,130,192,.677,81,.623,1.000
leonaka01,Kawhi Leonard,SMALL FORWARD,23,SAN ANTONIO SPURS,64,64,2033,394,822,67,192,202,252,85,376,161,148,48,97,128,13.0,1.8,5.9,3.1,20.6,4.4,0.307,2.8,4.8,4.2,22.0,3.7,0.23399999999999999,12.9,0.5670000000000001,9.4,23.0,4.1,8.6,0.204,138,190,.726,80,.580,.962
lillada01,Damian Lillard,POINT GUARD,24,PORTLAND TRAIL BLAZERS,82,82,2925,590,1360,196,572,344,398,49,329,507,97,21,222,164,29.0,0.5,4.7,0.3,11.8,3.3,0.293,4.3,1.8,7.3,20.7,1.7,0.42100000000000004,6.9,0.56,12.6,26.9,4.9,10.6,0.174,274,426,.643,68,.248,.507
linje01,Jeremy Lin,POINT GUARD,26,LOS ANGELES LAKERS,74,30,1907,277,654,65,176,213,268,26,170,339,82,32,166,189,28.6,1.4,-0.4,-0.5,10.2,0.8,0.41,0.1,1.4,1.8,15.6,2.2,0.26899999999999996,5.7,0.539,17.7,21.9,0.8,2.7,0.068,111,184,.603,37,.333,.585
livinsh01,Shaun Livingston,POINT GUARD,29,GOLDEN STATE WARRIORS,78,2,1468,198,396,0,2,65,91,43,140,259,49,20,102,110,24.2,1.0,-0.8,0.6,10.0,1.8,0.23,-1.4,3.3,1.5,12.9,1.6,0.005,6.7,0.529,19.0,15.9,0.4,3.3,0.107,101,140,.721,68,.673,
lopezbr01,Brook Lopez,CENTER,26,BROOKLYN NETS,72,44,2100,506,987,1,10,223,274,214,321,50,43,126,104,206,4.5,4.8,1.2,-0.7,17.1,2.2,0.278,1.8,11.5,4.7,22.7,1.1,0.01,14.3,0.5579999999999999,8.6,26.3,1.6,7.0,0.159,226,346,.653,123,.544,1.000
lopezro01,Robin Lopez,CENTER,26,PORTLAND TRAIL BLAZERS,59,59,1638,234,437,0,1,98,127,190,204,55,16,84,73,122,5.1,3.7,0.1,0.1,13.1,1.9,0.29100000000000004,0.1,12.7,3.2,16.2,0.5,0.002,12.9,0.574,12.9,15.5,0.9,5.1,0.15,158,245,.645,104,.658,
loveke01,Kevin Love,POWER FORWARD,26,CLEVELAND CAVALIERS,75,75,2532,413,952,144,392,258,321,142,589,168,51,39,122,140,10.7,1.2,2.7,-0.4,26.3,2.9,0.337,3.2,6.5,5.8,18.8,1.0,0.41200000000000003,16.6,0.562,10.0,21.7,3.0,8.7,0.165,129,211,.611,88,.682,.980
lowryky01,Kyle Lowry,POINT GUARD,28,TORONTO RAPTORS,70,70,2414,430,1043,132,391,252,312,54,274,473,109,13,173,212,32.4,0.4,3.0,-0.1,13.1,2.0,0.299,3.2,2.6,5.1,19.3,2.3,0.375,7.8,0.527,12.8,25.4,3.1,7.1,0.141,138,222,.622,46,.333,.569
mahinia01,Ian Mahinmi,CENTER,28,INDIANA PACERS,61,6,1146,117,212,0,0,31,102,105,251,33,30,46,59,172,4.4,3.1,-2.5,1.2,24.0,2.0,0.48100000000000004,-3.6,10.2,0.1,10.8,1.3,0.0,17.2,0.516,18.7,12.5,-0.1,2.1,0.09,85,123,.691,51,.600,0
mariosh01,Shawn Marion,SMALL FORWARD,36,CLEVELAND CAVALIERS,57,24,1101,119,267,12,46,26,34,64,138,51,27,27,33,58,6.9,1.9,-1.0,-0.1,14.2,0.9,0.127,-0.9,6.8,0.8,11.0,1.3,0.172,10.5,0.489,10.5,12.9,0.3,1.7,0.07400000000000001,67,110,.609,53,.791,1.000
martike02,Kevin Martin,SHOOTING GUARD,31,MINNESOTA TIMBERWOLVES,39,36,1302,267,625,75,191,170,193,19,123,89,33,1,76,76,12.5,0.1,-0.7,-2.4,11.1,-0.1,0.309,1.7,1.6,2.0,16.7,1.3,0.306,6.2,0.5489999999999999,9.7,26.6,0.4,1.9,0.069,41,63,.651,23,.561,.853
matthwe02,Wesley Matthews,SHOOTING GUARD,28,PORTLAND TRAIL BLAZERS,60,60,2024,337,752,173,445,109,145,38,184,139,77,10,81,132,10.8,0.4,3.1,1.1,9.5,2.2,0.193,2.0,2.1,4.0,16.1,1.9,0.5920000000000001,5.9,0.586,9.0,19.8,2.6,6.2,0.147,66,110,.600,40,.606,.873
mayooj01,O.J. Mayo,SHOOTING GUARD,27,MILWAUKEE BUCKS,71,15,1697,296,701,99,277,115,139,30,157,197,57,18,128,165,19.4,0.9,-0.6,-0.4,10.5,1.9,0.198,-0.2,2.0,0.9,13.5,1.7,0.395,6.3,0.529,14.4,23.6,0.6,2.8,0.079,90,151,.596,55,.611,.924
mbahalu01,Luc Mbah a Moute,POWER FORWARD,28,PHILADELPHIA 76ERS,67,61,1916,251,636,62,202,96,163,82,246,106,81,21,99,104,9.8,0.9,-2.8,-0.1,14.6,2.0,0.256,-2.7,4.4,-0.9,10.6,2.1,0.318,9.3,0.466,12.3,18.3,-0.4,1.1,0.027000000000000003,109,194,.562,60,.550,.968
mccalra01,Ray McCallum,POINT GUARD,23,SACRAMENTO KINGS,68,30,1436,206,470,34,111,57,84,52,128,188,45,11,85,92,21.3,0.6,-2.0,-1.1,9.8,0.5,0.179,-0.9,4.3,0.8,12.5,1.6,0.23600000000000002,7.1,0.496,14.4,18.2,0.0,1.4,0.045,93,147,.633,43,.462,.794
mcdankj01,K.J. McDaniels,SHOOTING GUARD,21,PHILADELPHIA 76ERS,52,15,1319,167,419,43,147,99,131,64,131,70,44,68,104,121,9.3,4.2,-2.6,0.3,11.3,1.4,0.313,-3.0,5.0,-0.8,10.8,1.7,0.35100000000000003,8.0,0.499,17.9,19.2,-0.2,0.6,0.023,94,163,.577,48,.511,.977
mclembe01,Ben McLemore,SHOOTING GUARD,21,SACRAMENTO KINGS,82,82,2670,363,831,140,391,130,160,31,210,140,77,19,138,219,8.4,0.6,-2.2,-0.9,8.6,0.8,0.193,-1.3,1.4,1.7,10.4,1.5,0.47100000000000003,5.1,0.552,13.3,17.2,-0.2,2.5,0.045,128,180,.711,87,.680,.914
meeksjo01,Jodie Meeks,SHOOTING GUARD,27,DETROIT PISTONS,60,0,1462,222,534,74,212,145,160,12,92,79,59,6,57,76,8.8,0.3,-0.5,-0.2,7.1,0.9,0.3,-0.3,0.9,2.2,14.1,2.1,0.397,3.9,0.5479999999999999,8.6,20.1,0.5,3.1,0.10300000000000001,62,101,.614,45,.726,.932
middlkh01,Khris Middleton,SMALL FORWARD,23,MILWAUKEE BUCKS,79,58,2378,406,869,109,268,134,156,48,299,182,122,11,113,183,12.7,0.4,1.6,1.1,14.3,3.5,0.18,0.5,2.3,3.2,15.6,2.6,0.308,8.4,0.563,10.8,19.9,2.2,6.7,0.135,103,169,.609,68,.660,.975
milescj01,C.J. Miles,SHOOTING GUARD,27,INDIANA PACERS,70,40,1841,329,827,154,446,130,161,18,196,75,60,26,73,132,7.1,1.1,0.9,0.0,11.7,2.3,0.195,0.8,1.1,1.3,14.1,1.7,0.539,6.4,0.525,7.5,23.9,1.3,3.6,0.09300000000000001,76,117,.650,45,.592,.909
millspa01,Paul Millsap,POWER FORWARD,29,ATLANTA HAWKS,73,73,2390,443,930,77,216,255,337,139,431,223,130,69,166,201,15.4,2.4,3.4,1.7,20.0,4.3,0.36200000000000004,1.7,6.9,4.0,20.0,2.8,0.23199999999999998,13.6,0.565,13.3,23.8,3.3,8.3,0.166,269,426,.631,169,.628,.957
mirotni01,Nikola Mirotić,POWER FORWARD,23,CHICAGO BULLS,82,3,1654,253,624,99,313,228,284,63,341,97,54,54,89,172,9.7,2.4,2.3,1.0,21.8,2.7,0.455,1.4,4.3,3.0,17.9,1.7,0.502,13.3,0.556,10.6,22.8,1.8,5.7,0.165,118,183,.645,69,.585,.915
monrogr01,Greg Monroe,POWER FORWARD,24,DETROIT PISTONS,69,57,2137,423,853,0,0,252,336,229,475,142,78,34,149,148,11.7,1.3,2.0,0.0,25.1,2.8,0.39399999999999996,2.0,11.2,4.0,21.2,1.9,0.0,17.9,0.5489999999999999,13.0,23.9,2.1,6.8,0.153,278,453,.614,147,.529,0
morrima03,Marcus Morris,POWER FORWARD,25,PHOENIX SUNS,81,35,2045,331,763,112,313,71,113,73,312,133,63,16,73,188,10.2,0.6,0.1,0.0,16.9,1.8,0.14800000000000002,0.1,3.9,2.2,13.7,1.5,0.41,10.3,0.52,8.2,19.0,1.1,4.0,0.09300000000000001,70,118,.593,39,.557,.902
morrima02,Markieff Morris,POWER FORWARD,25,PHOENIX SUNS,82,82,2581,512,1100,57,179,177,232,110,396,192,101,39,170,245,12.4,1.2,-0.3,0.2,17.0,2.7,0.21100000000000002,-0.5,4.6,1.8,15.8,2.0,0.163,10.7,0.523,12.4,23.3,1.1,4.6,0.085,154,252,.611,93,.604,.982
morroan01,Anthony Morrow,SHOOTING GUARD,29,OKLAHOMA CITY THUNDER,74,0,1806,285,615,141,325,79,89,40,155,60,54,11,38,135,5.2,0.5,1.8,-0.1,9.1,1.2,0.145,1.9,2.4,4.4,14.8,1.5,0.528,5.8,0.604,5.5,16.5,1.7,5.7,0.151,34,54,.630,13,.382,.972
motiedo01,Donatas Motiejūnas,POWER FORWARD,24,HOUSTON ROCKETS,71,62,2037,353,700,49,133,100,166,137,284,130,56,34,123,203,10.8,1.3,-0.5,-0.1,15.4,2.3,0.237,-0.4,7.4,2.4,14.4,1.4,0.19,11.4,0.5529999999999999,13.7,19.1,0.8,4.7,0.11,126,196,.643,89,.706,.980
mozgoti01,Timofey Mozgov,CENTER,28,CLEVELAND CAVALIERS,46,45,1148,197,334,0,0,92,130,112,207,39,18,56,69,113,5.6,3.9,0.3,-0.1,20.4,1.3,0.389,0.4,11.4,2.5,18.7,0.8,0.0,15.9,0.621,15.0,18.1,0.7,3.9,0.161,295,431,.684,227,.769,1.000
napiesh01,Shabazz Napier,POINT GUARD,23,MIAMI HEAT,51,10,1012,87,228,43,118,44,56,17,96,130,40,4,81,76,19.9,0.3,-3.2,-0.5,11.2,0.8,0.24600000000000002,-2.7,2.1,-0.3,9.3,2.1,0.518,6.7,0.517,24.3,15.5,-0.3,0.5,0.024,17,36,.472,5,.294,.791
noahjo01,Joakim Noah,CENTER,29,CHICAGO BULLS,67,67,2049,190,427,0,2,105,174,219,427,312,48,74,123,203,23.0,2.6,2.1,2.0,22.1,3.1,0.40700000000000003,0.1,11.9,2.4,15.3,1.2,0.005,17.1,0.48200000000000004,19.6,13.7,2.1,5.6,0.13,156,317,.492,93,.596,
noelne01,Nerlens Noel,CENTER,20,PHILADELPHIA 76ERS,75,71,2311,302,653,0,0,140,230,185,426,128,133,142,146,208,9.8,5.0,-0.3,2.3,21.0,4.2,0.35200000000000004,-2.6,8.3,-0.2,15.0,2.9,0.0,14.3,0.493,16.2,17.0,1.0,4.0,0.083,200,302,.662,137,.685,0
nowitdi01,Dirk Nowitzki,POWER FORWARD,36,DALLAS MAVERICKS,77,77,2282,487,1062,104,274,255,289,44,413,143,39,33,82,160,10.4,1.2,2.2,-0.5,19.9,2.0,0.272,2.7,2.1,5.2,19.2,0.9,0.258,11.0,0.56,6.5,24.9,2.4,7.2,0.152,54,76,.711,29,.537,.981
nurkiju01,Jusuf Nurkić,CENTER,20,DENVER NUGGETS,62,27,1103,171,383,0,2,84,132,125,257,50,52,68,86,207,7.3,4.8,-2.8,0.9,26.1,1.8,0.345,-3.7,11.8,-0.2,14.8,2.4,0.005,18.7,0.483,16.3,20.7,-0.2,1.6,0.069,107,186,.575,71,.664,
oladivi01,Victor Oladipo,SHOOTING GUARD,22,ORLANDO MAGIC,72,71,2573,473,1086,84,248,262,320,51,251,295,120,19,204,187,19.3,0.6,-0.4,-0.3,11.2,2.0,0.295,-0.1,2.2,1.5,15.9,2.4,0.228,6.6,0.527,14.3,25.2,1.1,3.5,0.065,261,460,.567,97,.372,.726
olynyke01,Kelly Olynyk,CENTER,23,BOSTON CELTICS,64,13,1423,251,528,61,175,93,136,92,211,109,64,39,98,213,12.2,2.1,0.4,0.9,16.5,2.1,0.258,-0.5,7.0,1.5,15.9,2.3,0.331,11.7,0.5579999999999999,14.3,21.1,0.8,3.6,0.12,131,191,.686,89,.679,.953
pachuza01,Zaza Pachulia,CENTER,30,MILWAUKEE BUCKS,73,45,1730,240,529,0,3,126,160,197,303,178,80,21,133,170,16.2,1.0,0.4,0.8,19.9,2.9,0.302,-0.4,13.1,1.3,15.6,2.4,0.006,16.5,0.506,18.2,19.1,1.0,4.2,0.11599999999999999,129,239,.540,80,.620,
parketo01,Tony Parker,POINT GUARD,32,SAN ANTONIO SPURS,68,68,1953,404,832,38,89,130,166,15,114,335,44,2,146,108,28.7,0.1,-1.3,-1.4,6.5,1.7,0.2,0.1,0.9,2.4,15.9,1.2,0.107,3.7,0.539,13.9,24.5,0.3,4.1,0.1,137,233,.588,32,.234,.947
parsoch01,Chandler Parsons,SMALL FORWARD,26,DALLAS MAVERICKS,66,66,2186,383,829,132,347,139,193,64,259,161,69,19,96,140,11.4,0.7,1.6,-0.4,13.0,1.7,0.233,2.0,3.2,3.8,16.3,1.6,0.419,8.1,0.5670000000000001,9.5,20.6,2.0,5.5,0.121,171,269,.636,85,.497,.909
pattepa01,Patrick Patterson,POWER FORWARD,25,TORONTO RAPTORS,81,4,2156,240,535,105,283,63,80,127,306,155,60,44,54,149,10.7,1.6,2.5,0.2,16.3,1.7,0.15,2.3,6.8,4.4,14.6,1.4,0.529,11.6,0.568,8.7,13.1,2.4,6.1,0.13699999999999998,51,90,.567,24,.471,1.000
paulch01,Chris Paul,POINT GUARD,29,LOS ANGELES CLIPPERS,82,82,2857,568,1170,139,349,289,321,52,324,838,156,15,190,203,47.4,0.4,8.0,1.6,12.5,3.2,0.27399999999999997,6.4,2.1,12.9,26.0,2.8,0.298,7.4,0.596,12.7,23.7,7.2,16.1,0.27,84,131,.641,11,.131,.422
paytoel01,Elfrid Payton,POINT GUARD,20,ORLANDO MAGIC,82,63,2489,301,708,11,42,118,214,107,242,533,142,20,203,193,32.6,0.7,-1.2,0.3,11.2,2.3,0.302,-1.5,4.8,0.0,13.8,2.9,0.059000000000000004,7.9,0.456,20.2,18.3,0.5,2.3,0.044000000000000004,167,324,.515,37,.222,.909
piercpa01,Paul Pierce,SMALL FORWARD,37,WASHINGTON WIZARDS,73,73,1914,293,656,118,303,164,210,45,249,144,46,24,92,160,11.9,1.0,1.5,0.3,14.3,2.3,0.32,1.2,2.7,3.2,15.2,1.2,0.462,8.7,0.58,10.9,19.9,1.7,5.5,0.138,87,138,.630,59,.678,.993
plumlma01,Mason Plumlee,CENTER,24,BROOKLYN NETS,82,45,1743,280,489,0,3,157,317,175,337,74,65,63,106,207,7.0,2.9,0.1,0.3,21.6,2.3,0.648,-0.2,11.3,2.5,18.0,1.9,0.006,16.5,0.57,14.4,19.2,0.9,4.8,0.131,238,369,.645,170,.714,
plumlmi01,Miles Plumlee,CENTER,26,PHOENIX SUNS,54,28,1005,107,195,0,0,19,38,95,179,27,35,55,45,99,3.9,4.2,-0.7,1.0,19.7,1.4,0.195,-1.7,10.3,0.8,13.1,1.7,0.0,14.9,0.55,17.5,11.2,0.3,2.1,0.102,100,157,.637,69,.690,0
pondequ01,Quincy Pondexter,SMALL FORWARD,26,NEW ORLEANS PELICANS,45,28,1253,140,312,74,171,50,66,33,105,66,14,19,41,103,7.8,1.2,-1.3,-0.9,9.5,0.4,0.212,-0.3,3.0,1.9,11.1,0.6,0.5479999999999999,6.3,0.5920000000000001,10.7,13.9,0.2,2.3,0.08900000000000001,69,117,.590,46,.667,.904
porteot01,Otto Porter,SMALL FORWARD,21,WASHINGTON WIZARDS,74,13,1432,176,391,35,104,58,79,70,151,65,44,30,52,97,6.8,1.7,-0.5,0.6,11.6,1.8,0.20199999999999999,-1.1,5.6,1.0,11.6,1.6,0.266,8.7,0.523,10.9,15.1,0.6,2.7,0.092,85,119,.714,66,.776,.957
randoza01,Zach Randolph,POWER FORWARD,33,MEMPHIS GRIZZLIES,71,71,2304,454,932,7,20,228,298,225,522,153,69,14,156,175,11.4,0.5,1.3,-0.1,25.8,3.8,0.32,1.4,11.2,3.4,19.5,1.6,0.021,18.5,0.5379999999999999,12.8,24.3,1.9,7.2,0.149,270,425,.635,134,.496,.875
redicjj01,J.J. Redick,SHOOTING GUARD,30,LOS ANGELES CLIPPERS,78,78,2409,447,938,200,458,183,203,22,145,137,39,8,95,134,9.0,0.3,1.3,-1.6,6.6,0.9,0.21600000000000003,2.9,1.0,5.8,16.2,0.8,0.488,3.9,0.622,8.5,21.0,2.0,6.7,0.134,62,95,.653,50,.806,.957
roberan03,Andre Roberson,SHOOTING GUARD,23,OKLAHOMA CITY THUNDER,67,65,1286,92,201,21,85,23,48,60,195,70,53,29,46,141,7.4,1.8,-0.7,1.7,16.0,1.6,0.239,-2.4,5.1,0.5,9.1,2.1,0.423,10.6,0.513,17.2,9.0,0.4,2.1,0.079,68,102,.667,51,.750,.952
roberbr01,Brian Roberts,POINT GUARD,29,CHARLOTTE HORNETS,72,10,1330,176,452,62,193,66,74,13,96,162,33,6,57,75,20.3,0.4,-1.7,-0.2,8.2,1.2,0.16399999999999998,-1.5,1.0,0.6,11.7,1.3,0.42700000000000005,4.5,0.495,10.5,18.6,0.1,1.8,0.064,24,46,.522,10,.417,.710
rondora01,Rajon Rondo,POINT GUARD,28,DALLAS MAVERICKS,46,46,1319,194,445,19,54,19,42,48,160,301,54,4,135,111,34.0,0.2,-1.5,-0.1,13.3,1.2,0.094,-1.4,4.0,-0.5,12.4,2.1,0.121,8.6,0.46,22.6,20.3,0.2,0.6,0.023,130,205,.634,28,.215,.786
rosede01,Derrick Rose,POINT GUARD,26,CHICAGO BULLS,51,51,1530,338,835,76,271,152,187,35,126,251,36,16,161,63,30.7,0.8,-0.6,-2.2,8.7,1.2,0.22399999999999998,1.6,2.6,0.0,15.9,1.2,0.325,5.7,0.493,14.9,31.7,0.6,1.2,0.038,154,284,.542,45,.292,.667
rosste01,Terrence Ross,SMALL FORWARD,23,TORONTO RAPTORS,82,61,2092,309,753,145,390,44,56,32,194,86,53,25,69,136,6.5,1.0,-1.4,-1.3,10.7,1.0,0.07400000000000001,-0.1,1.8,1.3,11.2,1.3,0.518,6.2,0.519,8.1,18.3,0.3,2.4,0.054000000000000006,60,103,.583,44,.733,.934
rudezda01,Damjan Rudež,SMALL FORWARD,28,INDIANA PACERS,68,2,1047,119,263,69,170,16,23,8,39,53,16,5,47,79,7.9,0.4,-2.3,-0.6,4.1,0.7,0.087,-1.7,0.9,0.6,8.2,0.8,0.6459999999999999,2.5,0.591,14.7,13.8,-0.1,1.3,0.061,16,25,.640,12,.750,.957
sacrero01,Robert Sacre,CENTER,25,LOS ANGELES LAKERS,67,18,1133,126,306,0,1,55,82,89,144,55,28,43,36,121,7.4,3.1,-3.5,-0.6,14.6,0.6,0.268,-2.9,8.4,0.3,10.9,1.3,0.003,11.4,0.449,9.5,14.8,-0.4,0.8,0.035,31,48,.646,13,.419,
sampsja02,JaKarr Sampson,SMALL FORWARD,21,PHILADELPHIA 76ERS,74,32,1131,146,346,31,127,63,94,35,128,77,38,26,76,135,12.0,1.9,-4.2,0.0,12.9,1.1,0.272,-4.2,3.2,-0.5,9.4,1.7,0.36700000000000005,7.8,0.498,16.4,17.9,-0.6,0.6,0.025,83,129,.643,46,.554,.968
schrode01,Dennis Schröder,POINT GUARD,21,ATLANTA HAWKS,77,10,1516,284,665,52,148,148,179,29,135,317,49,4,150,127,34.6,0.2,-1.3,-1.2,9.9,1.4,0.26899999999999996,-0.1,2.3,1.1,15.7,1.7,0.223,6.2,0.516,16.8,27.0,0.2,2.5,0.08,175,311,.563,34,.194,.650
scolalu01,Luis Scola,POWER FORWARD,34,INDIANA PACERS,81,16,1659,300,642,5,20,158,226,138,388,105,47,18,94,192,11.0,0.8,-0.3,0.2,25.6,2.7,0.35200000000000004,-0.5,9.3,1.7,16.8,1.5,0.031,17.5,0.515,11.3,22.8,0.7,4.4,0.126,147,241,.610,75,.510,.800
scottmi01,Mike Scott,POWER FORWARD,26,ATLANTA HAWKS,68,0,1123,201,453,66,192,61,77,45,154,75,25,3,39,83,10.9,0.2,-0.5,-1.1,15.2,1.1,0.17,0.6,4.7,1.6,15.1,1.1,0.424,10.1,0.5429999999999999,7.4,21.4,0.4,2.7,0.115,70,99,.707,55,.786,1.000
serapke01,Kevin Séraphin,CENTER,25,WASHINGTON WIZARDS,79,0,1235,231,450,0,2,58,82,87,201,59,10,59,98,197,8.0,3.8,-3.8,0.3,17.9,1.7,0.182,-4.1,8.1,0.0,12.5,0.4,0.004,13.1,0.535,16.8,21.5,-0.6,1.7,0.066,79,113,.699,51,.646,
simshe01,Henry Sims,CENTER,24,PHILADELPHIA 76ERS,73,32,1399,238,502,4,22,106,137,121,238,79,39,30,99,135,10.7,1.7,-2.8,-0.7,19.4,1.5,0.273,-2.1,8.9,0.5,14.5,1.4,0.044000000000000004,13.9,0.521,15.0,20.6,-0.3,2.1,0.07200000000000001,99,159,.623,61,.616,1.000
singlky01,Kyle Singler,SMALL FORWARD,26,DETROIT PISTONS,54,40,1287,140,350,76,187,29,36,23,116,67,33,14,42,98,7.9,0.9,-1.7,-0.1,10.2,0.8,0.10300000000000001,-1.6,1.9,0.8,9.4,1.3,0.534,5.9,0.526,10.3,14.0,0.1,1.6,0.061,40,68,.588,25,.625,.969
sloando01,Donald Sloan,POINT GUARD,27,INDIANA PACERS,53,21,1107,145,355,41,131,60,77,12,131,190,23,0,65,47,27.5,0.0,-0.1,-0.1,13.0,1.1,0.217,0.0,1.2,0.9,13.1,1.1,0.369,7.1,0.503,14.3,18.6,0.5,2.0,0.085,61,103,.592,10,.164,.683
smartma01,Marcus Smart,POINT GUARD,20,BOSTON CELTICS,67,38,1808,175,477,91,272,82,127,61,161,208,99,18,90,176,16.3,0.8,-0.5,1.5,9.9,2.2,0.266,-1.9,3.6,0.7,11.0,2.7,0.57,6.7,0.491,14.4,15.1,0.7,2.9,0.077,55,94,.585,23,.418,.904
smithjr01,J.R. Smith,SHOOTING GUARD,29,CLEVELAND CAVALIERS,46,45,1461,214,504,131,336,27,33,26,134,114,64,18,52,119,12.3,1.0,2.2,0.8,10.4,1.3,0.065,1.4,2.1,2.4,14.5,2.3,0.667,6.3,0.565,9.1,17.6,1.6,3.8,0.124,58,95,.611,31,.534,.790
smithja02,Jason Smith,CENTER,28,NEW YORK KNICKS,82,31,1785,257,592,15,42,127,153,98,226,140,32,44,104,205,13.5,2.1,-3.8,-1.4,15.0,0.7,0.258,-2.4,6.2,0.5,12.0,0.9,0.071,10.5,0.49700000000000005,13.6,19.7,-0.8,1.2,0.032,42,86,.488,25,.595,1.000
smithjo03,Josh Smith,POWER FORWARD,29,HOUSTON ROCKETS,55,7,1404,261,596,63,191,75,144,100,228,145,50,68,134,146,17.8,3.8,0.2,0.7,17.9,2.2,0.242,-0.5,7.9,-0.1,15.2,1.8,0.32,12.9,0.5,16.9,24.5,0.8,2.1,0.071,219,343,.638,121,.553,.879
snellto01,Tony Snell,SMALL FORWARD,23,CHICAGO BULLS,72,22,1412,159,371,73,197,44,55,31,145,62,32,11,48,86,6.8,0.6,-1.4,-0.1,10.9,1.2,0.14800000000000002,-1.3,2.5,1.2,10.2,1.2,0.531,6.8,0.55,10.8,14.1,0.2,2.4,0.08199999999999999,58,90,.644,32,.552,.939
speigma01,Marreese Speights,CENTER,27,GOLDEN STATE WARRIORS,76,9,1207,318,646,5,18,150,178,109,216,72,20,34,82,189,9.9,2.1,-1.9,-1.1,18.7,1.8,0.276,-0.9,10.1,2.2,19.5,0.8,0.027999999999999997,14.5,0.546,10.2,29.1,0.0,4.0,0.158,131,215,.609,88,.672,.800
splitti01,Tiago Splitter,CENTER,30,SAN ANTONIO SPURS,52,35,1030,169,303,0,0,90,120,91,161,78,35,37,60,103,11.8,2.7,2.3,1.5,17.4,1.7,0.396,0.8,10.2,2.3,18.9,1.7,0.0,13.9,0.601,14.4,18.4,1.1,4.0,0.18899999999999997,121,207,.585,91,.752,0
stausni01,Nik Stauskas,SHOOTING GUARD,21,SACRAMENTO KINGS,73,1,1127,108,296,48,149,55,64,11,77,67,20,17,40,92,9.0,1.2,-3.3,-1.0,7.5,0.2,0.21600000000000003,-2.4,1.1,0.3,7.5,0.9,0.503,4.4,0.49200000000000005,11.0,14.2,-0.4,0.5,0.021,28,53,.528,14,.500,.917
stephla01,Lance Stephenson,SHOOTING GUARD,24,CHARLOTTE HORNETS,61,25,1573,207,550,18,105,69,110,39,238,240,38,8,128,134,25.4,0.4,-4.5,-0.1,17.1,1.8,0.2,-4.3,2.7,-2.7,8.8,1.2,0.191,9.7,0.419,17.6,21.1,-1.0,-0.9,-0.026000000000000002,92,162,.568,30,.326,.833
stuckro01,Rodney Stuckey,POINT GUARD,28,INDIANA PACERS,71,36,1874,332,754,55,141,177,216,36,212,219,56,10,118,131,20.2,0.4,0.3,0.2,12.4,2.2,0.28600000000000003,0.1,2.1,1.9,15.4,1.5,0.187,7.3,0.528,12.2,23.4,1.1,4.0,0.10300000000000001,111,194,.572,47,.423,.800
sullija01,Jared Sullinger,POWER FORWARD,22,BOSTON CELTICS,58,49,1566,311,708,52,184,96,129,147,294,134,44,42,78,153,14.2,2.1,1.1,-0.2,20.9,2.1,0.182,1.3,10.1,1.9,17.9,1.4,0.26,15.4,0.503,9.3,23.6,1.2,4.0,0.12300000000000001,131,204,.642,50,.382,.982
teaguje01,Jeff Teague,POINT GUARD,26,ATLANTA HAWKS,73,72,2228,408,887,71,207,275,319,30,154,513,125,31,205,139,37.9,1.2,2.9,0.3,7.7,2.8,0.36,2.7,1.6,5.0,20.6,2.9,0.233,4.7,0.5660000000000001,16.6,25.3,2.8,7.7,0.166,244,408,.598,57,.234,.630
terryja01,Jason Terry,SHOOTING GUARD,37,HOUSTON ROCKETS,77,18,1641,188,446,126,323,39,48,15,106,147,66,19,74,116,13.8,0.9,0.5,0.6,7.1,1.5,0.10800000000000001,-0.1,1.0,2.0,11.4,2.0,0.7240000000000001,4.1,0.579,13.7,14.3,1.0,3.6,0.10400000000000001,25,43,.581,9,.360,.942
thomais02,Isaiah Thomas,POINT GUARD,25,PHOENIX SUNS,46,1,1181,218,512,81,207,184,211,26,83,171,45,5,89,105,23.6,0.3,2.5,-0.8,7.8,0.7,0.41200000000000003,3.2,2.4,3.2,19.7,1.9,0.40399999999999997,5.1,0.579,12.8,25.8,1.4,4.0,0.162,126,216,.583,30,.238,.689
thomala01,Lance Thomas,POWER FORWARD,26,NEW YORK KNICKS,40,24,1040,137,316,7,21,49,66,37,83,49,26,8,57,63,7.9,0.6,-5.9,-2.1,9.5,0.2,0.209,-3.8,4.0,-0.6,8.6,1.3,0.066,6.7,0.478,14.2,17.8,-1.0,-0.5,-0.022000000000000002,57,96,.594,31,.544,1.000
thompho01,Hollis Thompson,SHOOTING GUARD,23,PHILADELPHIA 76ERS,71,23,1776,224,543,115,287,63,89,53,145,85,57,26,66,141,8.4,1.2,-1.8,-0.3,9.3,1.3,0.16399999999999998,-1.6,3.1,1.3,10.9,1.6,0.529,6.0,0.5379999999999999,10.2,15.9,0.1,2.6,0.07,55,95,.579,36,.655,.983
thompja02,Jason Thompson,POWER FORWARD,28,SACRAMENTO KINGS,81,63,1991,201,428,0,1,89,143,139,391,85,33,57,84,239,6.5,2.3,-2.8,-0.2,21.5,1.5,0.33399999999999996,-2.6,8.2,0.9,10.2,0.8,0.002,15.1,0.5,14.6,12.7,-0.4,2.4,0.057,81,134,.604,41,.506,
thompkl01,Klay Thompson,SHOOTING GUARD,24,GOLDEN STATE WARRIORS,77,77,2455,602,1299,239,545,225,256,27,220,222,87,60,149,122,14.6,1.8,4.4,-0.1,9.4,3.1,0.19699999999999998,4.5,1.2,5.7,20.8,1.7,0.42,5.4,0.591,9.5,27.6,4.0,8.8,0.172,183,274,.668,106,.579,.899
thomptr01,Tristan Thompson,POWER FORWARD,23,CLEVELAND CAVALIERS,82,15,2194,267,488,0,0,159,248,274,383,39,34,61,83,189,2.7,2.2,-1.2,-1.4,19.7,2.1,0.508,0.1,14.5,4.7,15.6,0.8,0.0,17.2,0.58,12.2,14.0,0.4,6.8,0.14800000000000002,257,395,.651,174,.677,0
tollian01,Anthony Tolliver,POWER FORWARD,29,DETROIT PISTONS,52,11,1160,135,319,82,228,50,63,45,147,49,20,15,40,117,6.5,1.0,-1.1,-0.7,14.3,0.8,0.19699999999999998,-0.4,4.1,1.8,11.8,0.9,0.715,9.0,0.58,10.3,14.8,0.3,2.5,0.10400000000000001,39,60,.650,27,.692,1.000
tuckepj01,P.J. Tucker,SMALL FORWARD,29,PHOENIX SUNS,78,63,2383,261,596,87,252,104,143,114,388,122,107,23,96,179,7.4,0.7,0.4,1.0,18.0,2.7,0.24,-0.7,5.2,2.2,12.5,2.2,0.423,11.5,0.541,12.7,13.9,1.4,4.9,0.098,108,159,.679,38,.352,.874
turneev01,Evan Turner,SHOOTING GUARD,26,BOSTON CELTICS,82,57,2260,320,746,33,119,106,141,40,377,449,83,19,198,180,30.0,0.7,-1.0,0.8,18.5,2.8,0.18899999999999997,-1.8,1.9,-0.3,12.8,1.8,0.16,10.1,0.48200000000000004,19.7,19.5,0.6,2.5,0.054000000000000006,112,197,.569,30,.268,.829
udrihbe01,Beno Udrih,POINT GUARD,32,MEMPHIS GRIZZLIES,79,12,1494,246,505,26,97,87,102,20,123,220,46,8,89,88,24.0,0.4,0.5,0.3,9.4,1.6,0.20199999999999999,0.3,1.5,2.0,15.4,1.6,0.192,5.5,0.55,13.9,19.6,0.9,3.6,0.115,81,121,.669,40,.494,.900
valanjo01,Jonas Valančiūnas,CENTER,22,TORONTO RAPTORS,80,80,2096,373,652,0,1,217,276,215,478,39,33,95,109,222,3.1,3.6,0.5,-0.9,26.3,2.4,0.423,1.4,11.8,5.8,20.6,0.8,0.002,19.1,0.623,12.4,19.1,1.3,8.2,0.18899999999999997,232,347,.669,130,.560,
vasqugr01,Greivis Vásquez,POINT GUARD,28,TORONTO RAPTORS,82,29,1991,296,725,133,351,50,66,22,194,302,46,10,119,177,23.9,0.4,-1.0,-1.4,11.2,0.9,0.091,0.4,1.3,1.9,12.6,1.2,0.484,6.3,0.514,13.6,19.8,0.5,2.8,0.066,48,83,.578,20,.417,.804
vucevni01,Nikola Vučević,CENTER,24,ORLANDO MAGIC,74,74,2529,631,1206,2,6,164,218,238,572,147,54,54,148,220,11.0,1.7,0.9,-1.2,26.0,2.5,0.18100000000000002,2.0,10.4,4.5,21.5,1.1,0.005,18.1,0.5479999999999999,10.2,26.0,1.8,7.0,0.133,247,372,.664,126,.510,1.000
wadedw01,Dwyane Wade,SHOOTING GUARD,33,MIAMI HEAT,62,62,1971,509,1084,29,102,284,370,58,161,299,73,21,209,105,32.1,0.9,2.1,-1.4,9.6,1.4,0.341,3.5,3.6,2.1,21.4,2.0,0.094,6.7,0.534,14.4,34.7,2.1,3.5,0.086,170,249,.683,78,.459,.483
waitedi01,Dion Waiters,SHOOTING GUARD,23,OKLAHOMA CITY THUNDER,47,20,1422,237,604,51,160,70,112,29,106,89,46,11,63,96,9.8,0.6,-3.7,-1.2,7.9,1.0,0.185,-2.5,2.2,-0.3,10.1,1.6,0.265,5.1,0.455,8.8,21.7,-0.6,0.7,0.023,161,317,.508,70,.435,.849
walkeke02,Kemba Walker,POINT GUARD,24,CHARLOTTE HORNETS,62,58,2119,378,981,85,280,234,283,35,185,318,89,31,100,92,27.1,1.2,2.3,0.6,9.9,2.6,0.28800000000000003,1.7,1.8,1.8,17.6,2.2,0.285,5.7,0.486,8.3,25.9,2.3,4.5,0.10099999999999999,125,253,.494,38,.304,.659
walljo01,John Wall,POINT GUARD,24,WASHINGTON WIZARDS,79,79,2837,519,1166,65,217,284,362,36,330,792,138,45,304,180,46.3,1.3,3.6,1.0,12.8,4.2,0.31,2.6,1.5,3.6,19.9,2.5,0.18600000000000003,7.3,0.523,18.7,26.1,4.0,7.8,0.132,224,364,.615,56,.250,.632
watsocj01,C.J. Watson,POINT GUARD,30,INDIANA PACERS,57,21,1422,181,417,70,175,138,167,18,145,208,57,9,100,107,23.3,0.5,1.3,0.8,11.2,1.8,0.4,0.6,1.4,2.2,15.4,2.1,0.42,6.3,0.581,16.9,18.8,1.2,4.0,0.135,45,74,.608,17,.378,.771
westda01,David West,POWER FORWARD,34,INDIANA PACERS,66,66,1895,323,686,4,20,119,161,108,341,223,48,48,120,160,20.1,2.0,1.6,1.3,19.7,2.8,0.235,0.3,6.4,1.4,16.0,1.3,0.028999999999999998,13.1,0.508,13.7,21.0,1.7,4.3,0.10800000000000001,70,109,.642,42,.600,1.000
westbru01,Russell Westbrook,POINT GUARD,26,OKLAHOMA CITY THUNDER,67,67,2302,627,1471,86,288,546,654,124,364,574,140,14,293,184,47.0,0.5,8.1,1.2,16.7,3.2,0.445,6.9,5.9,7.5,29.1,3.0,0.196,11.4,0.536,14.3,38.4,5.8,10.6,0.222,297,513,.579,72,.242,.512
whiteha01,Hassan Whiteside,CENTER,25,MIAMI HEAT,48,32,1142,243,387,0,0,78,156,145,337,6,27,123,58,129,1.0,9.2,4.1,1.6,34.7,2.4,0.40299999999999997,2.5,15.6,2.8,26.2,1.2,0.0,25.4,0.619,11.3,21.1,1.8,5.3,0.221,156,205,.761,95,.609,0
wiggian01,Andrew Wiggins,SMALL FORWARD,19,MINNESOTA TIMBERWOLVES,82,82,2969,497,1137,39,126,354,466,134,240,170,86,50,177,190,9.8,1.3,-2.4,-2.0,9.5,0.0,0.41,-0.4,5.0,2.1,13.9,1.5,0.111,7.2,0.517,11.7,22.6,-0.3,2.1,0.034,235,356,.660,122,.519,.872
willide01,Deron Williams,POINT GUARD,30,BROOKLYN NETS,68,55,2114,298,771,87,237,201,241,29,208,448,64,17,154,157,33.7,0.6,0.2,-0.9,11.0,1.3,0.313,1.1,1.5,2.3,15.7,1.6,0.307,6.3,0.504,14.9,22.3,1.2,3.6,0.083,83,182,.456,15,.181,.786
willide02,Derrick Williams,POWER FORWARD,23,SACRAMENTO KINGS,74,6,1462,217,485,49,156,134,196,41,161,50,34,4,56,67,5.6,0.2,-2.0,-1.6,12.1,0.4,0.40399999999999997,-0.3,3.3,1.7,12.8,1.2,0.322,7.8,0.54,8.9,18.9,0.0,2.1,0.069,114,166,.687,85,.746,.918
willilo02,Lou Williams,SHOOTING GUARD,28,TORONTO RAPTORS,80,0,2016,375,928,152,447,340,395,24,127,164,88,10,101,103,13.6,0.4,2.6,-0.9,7.3,1.1,0.426,3.5,1.4,5.4,19.9,2.3,0.48200000000000004,4.3,0.564,8.4,27.0,2.3,6.6,0.157,58,109,.532,25,.431,.571
willima02,Marvin Williams,POWER FORWARD,28,CHARLOTTE HORNETS,78,37,2035,210,495,95,265,62,87,58,328,100,69,36,60,146,7.8,1.4,0.0,1.4,18.2,2.9,0.17600000000000002,-1.4,3.1,1.5,11.8,1.8,0.535,10.4,0.541,10.1,13.3,1.0,4.3,0.102,53,77,.688,33,.623,.979
willima01,Mo Williams,POINT GUARD,32,MINNESOTA TIMBERWOLVES,41,19,1149,180,447,59,170,80,94,13,85,261,30,8,102,103,38.0,0.5,-2.2,-3.0,8.7,-0.2,0.21,0.8,1.3,0.9,14.4,1.3,0.38,4.9,0.511,17.3,22.7,-0.1,0.7,0.031,28,58,.483,6,.214,.580
youngth01,Thaddeus Young,POWER FORWARD,26,MINNESOTA TIMBERWOLVES,48,48,1605,289,641,19,65,88,129,75,170,135,86,17,75,115,14.7,0.8,-0.5,-0.1,12.5,0.6,0.201,-0.4,5.2,0.8,15.0,2.7,0.10099999999999999,8.7,0.491,9.7,21.2,0.6,1.4,0.043,249,414,.601,148,.594,.921
zelleco01,Cody Zeller,CENTER,22,CHARLOTTE HORNETS,62,45,1487,172,373,1,1,127,164,97,265,100,34,49,62,156,10.9,2.6,-0.6,1.4,20.1,2.2,0.44,-2.0,7.0,1.6,14.1,1.2,0.003,13.4,0.53,12.2,15.6,0.5,3.8,0.12300000000000001,109,190,.574,84,.771,1.000
zellety01,Tyler Zeller,CENTER,25,BOSTON CELTICS,82,59,1731,340,619,0,0,153,186,146,319,113,18,52,76,205,10.8,2.3,0.9,0.0,20.5,2.0,0.3,1.0,9.1,4.5,18.9,0.5,0.0,14.7,0.594,9.8,19.6,1.3,6.5,0.179,185,294,.629,148,.800,0
